微博id,发布者,发布者id,微博正文,原始图片url,发布位置,发布时间,发布工具,点赞数,转发数,评论数
InwK3EvEf,Levinge,5557634524,什么时候专项组能出消息啊，，，武汉百万大学生呢，我好怕到时候回家的时候在火车站被传染啊,无,无,2020-01-01 23:58,HUAWEI P30,0,0,0
InwIVCp4J,-GUYVER-,1652876004,8名散布谣言者被依法查处 ,无,无,2020-01-01 23:55,微博 weibo.com,2,0,0
InwIuspjx,十有八九Echo,5717172836,跨年因为害怕武汉的肺炎都没敢出校门2020的第一天又肚子疼可能是对我去年做太多错事的惩罚哭泣😣😣😣 武汉·华中科技大学东校区 ,无,无,2020-01-01 23:54,荣耀20,1,0,1
InwIdDqe2,湖师数统学院实践部,6760990011,"1月1日,针对疑似SARS的说法，武汉市中心医院（原二院）后湖院区医务处的工作人员称，网传出现SARS一事系谣言，目前并无疑似或确诊的患者。据武汉卫健委最新通报，近期部分医疗机构发现接诊的多例肺炎病例与华南海鲜城有关联，目前已发现27例病例，其中7例病情严重，初步检测分析认为上述病例系病毒性肺炎。到目前为止调查未发现明显人传人现象，未发现医务人员感染。目前对病原的检测及感染原因的调查正在进行中。 ",无,http://t.cn/R2WxQ86,2020-01-01 23:54,nova4e 3200W立体美颜,4,0,1
InwFEEKSS,正路之星,6315177942,武汉发现不明原因肺炎，华南海鲜批发市场休市整治 1月1日，武汉市江汉区市场监督管理局、武汉市江汉区卫生健康局发出“关于休市整治的公告”。公告内容为“根据《突发公共卫生事件应急条例》等法规条例的规定及武汉市卫生健康委关于当前我市肺炎疫情的情况通报，经研究，决定对华南海鲜批发市场实行休市，进行环境卫生整治。请广大商户积极配合，开市时间另行通知。”  ,无,无,2020-01-01 23:47,微博 weibo.com,2,3,1
InwFAbABn,邓连杰营养师,3412509980, 【得了肺炎怎么办？】1. 不要滥用抗生素抗生素是用来对抗细菌的，但是很多呼吸道感染的人，早期多为病毒感染，抗生素对病毒没有任何作用，反而滥用抗生素，可能会加重耐药。需不需要使用抗生素，应该去咨询医生的建议，在医生的指导下使用。 2.不要急于使用止咳药咳嗽是呼吸道的一种保护性反射，有助于将气道的分泌物排出体外。使用止咳药完全控制咳嗽反而不利于病原体的排出，应当多饮水稀释痰液、翻身拍背深呼吸等来促进痰液排出体外。 3. 多休息肺炎治疗的第一点就是休息，如果休息不好，肺炎的好转无从谈起，迁延不愈也是难以避免。4.切忌运动健康一般肺炎好转后2-4周，再逐渐开始锻炼身体。 5. 饮食建议饮食清淡，忌腥荤，忌辛辣刺激以及海鲜。以蔬菜、瘦肉、河鱼为主。,无,无,2020-01-01 23:47,iPhone客户端,21,5,2
InwEKw5mK,明天的二百斤,6200082911,妈呀。。怪吓人的。。。还好马上就能放假回家了,无,无,2020-01-01 23:45,HUAWEI P20,0,0,0
InwEAr49z,忧郁的鱼丸,1746776435,我免费围观了  的回答，问题价值 388.00 元，快来一起围观~ <br />微博问答:如何看待武汉发现不明原因肺炎？具体情况如何？ ,无,无,2020-01-01 23:45,微博 weibo.com,0,0,0
InwE2rJvl,股票万二期货手续费加1分,1819047325,题材方面，医药板块领涨，网红经济，新能源车也还不错，其他锂电，种业，建材和房地产均有异动。上证指数低开震荡高走，三千点附近徘徊震荡，现在出来降准，明天无论收盘如何都会尝试突破。场内热点题材高位的或补跌或滞涨，明显向低位发酵，注意下这个趋势。1，金融：昨天集合竞价开的一般，开盘走势也不够强，中信证券前三十分钟和一个小时都没有翻红，再加上成交量骤减，当天调整的概率比较高。整体证券指数依旧很强，长阳后的缩量调整还算健康，原本估计未来几天还会试探上攻。现在出来降准，应该明天就要继续冲了，老规矩看看开盘前一个小时成交额，缩量涨肯定是不行的，毕竟从上周四周五南京证券到周一大券商异动，就是奔着预期降准来的。个股上，目前最高板是二连板的国投资本，再就是看代表更高空间的南京证券绿庭投资，以及未来的风向标的中信证券。相关个股：中信证券，南京/绿庭，国投资本 微信手机135210682452，医药：传闻武汉闹出不明原因肺炎的事，官方层面已经做出澄清，这种越容易引起恐慌的事，官方往往不会懈怠，相应的题材越容易被证伪，昨天午后炸板可以理解。个股上，龙头鲁抗医药，跟风联环药业，莱茵生物，高标二板南卫股份这些，高潮后比较不好接力，没多少预期差。农业：周一晚上被媒体一通乱吹，导致周二集合竞价集体被抢筹，本来就一个卡在主线题材混乱期出现的小题材，结果集合竞价抢那么高，没预期差了，开盘还怎么玩？盘中回落完全可以理解。龙头大北农二板一字，考虑到位置低，假设题材能够持续四天，下半周还有发酵时间，昨天有些票冲高回落，明天可以考虑接一些核按钮，只要买的低当天不亏钱，后天可能会有个反弹。3，锂电池：高位题材股明显不好做，板块内部明显分化，前两周走出趋势的诸如宁德时代等票调整居多，日内领涨的是近一周启动的诸如融捷股份、雅化集团这些。不知道你们做的怎么样，这两天我是觉得挺难选股的。科技：板块已经连续三天没有明显异动，大基金二期概念还在调整，未来即使反弹，估计市场也是当做反弹炒，这样预期还是不高。如果没有新的方向，震荡回落是难免的，道理跟锂电差不多。觉得遍地是机会，结果不知道买什么，那就等等看。网红直播：周一引力和星期六震荡时提过反包策略，现在星期六反包涨停，引力低开高走，“反包”环节出现后，后面大概率是要横向震荡了。恰当的时期做适当的事，后面看不准。4、股价创60日新高。相关个股：盛宏股份 ,无,http://t.cn/Rt5qRxf,2020-01-01 23:43,小米6 拍人更美,0,0,0
InwDpuKuA,烤鱼烤肉恰恰,5631310984,去哪了呢最近感冒有点慌啊 ,无,无,2020-01-01 23:42,华为手机 畅享玩不停,0,0,0
InwCrsaPF,多多的super嫲咪,2455016497,不记得去年的元旦怎么过的了今年的元旦，因为武汉最近形势严峻甲流➕非典型肺炎不敢去商场，不敢去公众场合，就带吖出来瞎逛其实很喜欢去这种小街，可能很多人认为脏乱差，不过这才是真正的人间烟火气吧儿子走走看看很高兴，看到吃的一个劲的要买,无,无,2020-01-01 23:39,iPhone客户端,3,0,2
InwC7m5mv,飞鱼学游泳,1407341034,无缘无故高烧两天，不知道和那个有没有关系，想着2020总得有点仪式感，硬撑着看了场叶问4，大失所望，一会李小龙，一会叶问，一会中华总会会长，不知道想突出谁，明明会长和叶问打了平手，会长被陆战队长打得惨败，陆战队长又被叶问打得惨败，除了叶问所有中国功夫师傅都被白人打残，中国功夫还有个屁用，还是东亚病夫的loser思维，最后来个救世主，估计是个香港导演，都啥年代了还这么拍。打戏也没啥出彩的地方。看得想上厕所。,无,无,2020-01-01 23:38,华为手机 畅享玩不停,0,0,3
InwBIyOLs,四个夫人,2872717365,抓的还不够呀！微博现在的水特别深，到处是陷阱，到处是漩涡！加油！把该进去的全部抓进去！ 太原 ,无,#散布武汉肺炎谣言8人被查处#,2020-01-01 23:38,@四个夫人 Android,6,0,7
InwBhpZaf,是云云儿吖,2789282811, 庆幸发生的当天已经回来了，想想还是后怕汉口火车站离事发区还是非常近的。突发事件导致公司已经订好去武汉的年会高铁票临时通知改坐飞机去西安开年会，想想也是这种风险没有谁能承担，愿平安吧🙏 十堰·十堰希尔顿逸林酒店 ,无,#武汉发现不明原因肺炎#,2020-01-01 23:36,小米8青春版 潮流旗舰,5,0,10
InwB3tA9w,豚晓成长记,1794265037,最怕孩子生病，基本都是一个人照顾的。带去看医生。过敏性咳嗽，晚上还会鼻塞，最近到处流感凶猛，有发了新闻，人心惶惶。所以说，健康是福。都得好好观察！ 广州 豚晓成长记的微博视频 ,无,无,2020-01-01 23:36,全屏双摄 OPPO A5,1,0,0
InwAWqahR,各界导报社官微,3804173419,【：发病十多天曾以为是感冒】1月1日， 连线到目前正在医院中隔离治疗的黄勇（化名），他表示目前数十名患者都在一起进行治疗。黄勇称自己发病了十多天，一开始以为是感冒。另一患者家属梁丽（化名）告诉 ，患者被隔离治疗后还没被允许探望。,无,无,2020-01-01 23:36,vivo 全新水滴屏手机,2,0,1
InwAw8T4S,佛国净土办事处201612,6077948281,如何看待武汉发现不明原因肺炎？具体情况如何？。。。2003年在广东发生的非典型性肺炎SARS，非常历害、当时的很多医生、护士、也因抗非典型性肺病染病、有些医生、护士因此往生、后来市府为记念他们的为救人伟大行为、在彫塑公园里塑造了石像记念他们，。这次武汉的不明肺炎据报道也是很历害？是不是同一类型变异病毒感染呢？应该尽快检验、检疫、分析出来？是何种类型病毒？尽快聚集国内外知名专家学者参与，。像SARS当时很多流动人口回家乡前都必须隔离以防扩大感染家乡人民？所以尽快查明病毒🦠类型、该隔离也必须執行？不用隔离也必须教会人民怎么防范措施？。。阿彌陀佛。。名号：妙有如意 ,无,无,2020-01-01 23:35,iPhone 8,5,0,2
InwzIrHpo,南笙北凉_hupilan,6615081609,的喊了一声，站了起来，准备去迎接刑男。 　　听到这一声亲爱的，刑男差点的没有一个趔趄，直接的一头撞墙。 　　她这是想要抢我的钱！在朱三妹的刑男，刑男这  ,无,无,2020-01-01 23:33,微博 weibo.com,0,0,0
InwyehANn,雪茄金融狗,1758613545,发布了头条文章：《医药股大涨的背后：“肺炎概念股”投资的风险点在哪？》             ,无,无,2020-01-01 23:29,微博 weibo.com,4,2,4
InwxPpJVN,lyyyyydan,5634709252,元旦快乐🎉🎆🍾️🎊🎈虽然由于武汉肺炎，没出去浪成，同学为了我的安全，为了保命取消了约饭,无,无,2020-01-01 23:28,iPhone客户端,2,0,0
InwximokT,还想上天,6619544815,我不信谣传谣，但是官方的消息能不能公开透明一点啊，现在我们什么都不知道心里也很慌的啊。所以我明天戴不戴口罩？十一号那天能不能从汉口站坐高铁回家？ ,无,无,2020-01-01 23:27,HUAWEI nova 3,30,2,11
InwxdA9tb,NagisaNa,3831540847,现在是什么情况啊，检测结果是什么样呢,无,无,2020-01-01 23:26,无,37,1,20
Inwx1d9a0,BJ田夫野老,2287720091, ：被感染人数没有因“谣言”被警方处理的人数多。 ,无,无,2020-01-01 23:26,iPhone客户端,1,1,4
InwwK7fvm,没有梦想怎么办z,2736380300,2019年最后一天武汉被爆出了不明原因肺炎，在这前不久武汉又经历了一次地震，而在这前不久又有位平日好好的亲人突然离世，不禁想到一句话明天和意外哪个先来，但那一刻来临时我们似乎没有选择，只有面对现实，只有解决问题，再或者说再见。时光不能倒回，愿过好今后的每一天！期待2020，希望一切顺利，家人平平安安，健健康康！,无,无,2020-01-01 23:25,iPhone客户端,2,0,0
Inwws3Vd4,小鸟吃胖胖胖胖了,1925933821,主要央视发的公告和没发一样,无,无,2020-01-01 23:25,iPhone,53,1,0
InwvzmxQ2,零叁零玖玖,2662406671,我免费围观了  的回答，问题价值 388.00 元，快来一起围观~ <br />微博问答:如何看待武汉发现不明原因肺炎？具体情况如何？ ,无,无,2020-01-01 23:22,微博 weibo.com,0,0,0
InwuJCYmy,栗子黛,6272102803,这么吓人的吗？在呼市，这里的人还一点儿都不知道。但是今年得流感肺炎住院的人特别多。昨天刚看到别人发朋友圈，就赶紧告诉周围朋友注意防护。这件事还得在微博看看实时消息才能知道最新进展。不传谣不信谣，但是心里还是很慌，明天去买些抗病毒颗粒，口罩感冒药啥的……希望大家都能平平安安，祈祷🙏🏻……,无,无,2020-01-01 23:20,iPhone客户端,0,0,0
InwuJnAJS,华阴检察,5345420764,【8人因网上散布“武汉病毒性肺炎”不实信息被依法处理】武汉市公安局1日通报称，日前一些关于“武汉病毒性肺炎”的不实信息在网络流传，公安部门对此进行了调查。目前，8人因散布不实信息，被警方依法处理。警方呼吁网民不造谣、不信谣、不传谣，共建和谐清朗的网络空间。  ,无,无,2020-01-01 23:20,荣耀V9 我想要的快,0,1,1
InwtbAQ0J,等待奇迹吖,6340019175,我在看：【事件已有8人因散布谣言被警方查处】  事件已有8人因散布谣言被警方查处 ,无,无,2020-01-01 23:16,新浪新闻客户端,0,0,0
Inwt7buoY,山楂笑了酸枣红了,1687907111,散布武汉不明原因肺炎不实消息8人被警方依法查处 ,无,无,2020-01-01 23:16,无,6,0,21
InwswiRql,亦海清风,7111147371,"市场情绪分析周二，指数早盘窄幅震荡，临近尾盘震荡回暖，沪指站上3050点。医药板块维持高位震荡，周期股水泥、钢铁等午后大幅拉升，题材概念整体表现较为一般。个股涨多跌少，涨停50余家，炸板率较高，成交量较昨日有所减少，资金观望情绪浓厚。截至收盘，上证指数涨0.33%，深证成指涨0.63%，创业板指涨0.44%。盘面上，武汉不明原因肺炎事件持续发酵，抗病毒概念股持续走强，带动医药板块全线活跃，香雪制药、欣龙控股、康芝药业等午后拉升涨停；资金开始发力周期股，水泥股四川金顶涨停，万年青触板，钢铁股八一钢铁一度拉升涨逾8%；农业种植板块高开，隆平高科、大北农封板；网红经济板块活跃，元隆雅图、星期六涨停。 整体来看，由于面临元旦，市场情绪趋于谨慎，两市成交量较前一日有所减少，但市场热门板块热度不减，从一定程度上稳住投资者对大盘走强的信心。技术分析： 从日k线上来看，由于存在节日效应，周二市场成交量比之前有所减少，但整个市场仍保持一定的热度，目前指数已经站在3050阻力线上，如果后市持续走强，并收线在此点位上方，那么就基本可以确定本轮行情为真正的上涨行情而不仅是反弹。板块方面，超级真菌，禽流感以及玉米板块涨幅居前，涨幅分别达5.07%，4.86%以及4.11%。而跌幅居前的板块有MINILED，光刻胶以及氟化工板块，其中MINILED板块跌幅达1.10%,为两市跌幅之最。从板块整体走势来看，涨幅居前的几个板块周二虽有不小涨幅，但目前均面临重大阻力位调整走势，目前切忌追高，而跌幅居前的几个板块目前调整已经较为充分，是为不错的低吸时机。策略上目前建议应进一步的扩大仓位，调仓向网红经济，有色金属以及生物医药等潜力板块靠齐。",无,无,2020-01-01 23:15,微博 weibo.com,0,0,0
Inws2rQrd,永靖检察,5267052195,【8人因网上散布“武汉病毒性肺炎”不实信息被依法处理】武汉市公安局1日通报称，日前一些关于“武汉病毒性肺炎”的不实信息在网络流传，公安部门对此进行了调查。目前，8人因散布不实信息，被警方依法处理。警方呼吁网民不造谣、不信谣、不传谣，共建和谐清朗的网络空间。   ,无,无,2020-01-01 23:14,OPPO R9,3,0,0
Inws2oH9I,贾岩鹤-JyH,5384892986,咳了一个月的我瑟瑟发抖 ,无,无,2020-01-01 23:14,荣耀Magic2 魔法手机,2,0,18
InwqKBNqa,粉象生活_分享生活,2784842795,热点板块方面,无,无,2020-01-01 23:10,微博 weibo.com,4,0,0
InwpVwknS,澪雨其濛68,1041664965,真的好好奇，研究到了哪一步，不明情况的在武汉的吃瓜群众,无,无,2020-01-01 23:08,OPPO超视野全面屏R15,0,0,0
InwpfgDuX,水煮羽毛球,1736731020,《湖北武汉：发现不明原因肺炎 华南海鲜批发市场休市整治》湖北武汉：发现不明原因肺炎 华南海鲜批发市场休市整治 ,无,无,2020-01-01 23:07,百度极速版,0,0,0
InwpaesI9,圣殿山的哭墙,2710480167,武汉市爆发27例不明原因肺炎，其中7例病情严重。由于两岸往来频繁，台湾疾病管制署立即宣布，即日起针对武汉直航台湾三座机场：桃园、松山、高雄的入境班机，每周共十二班次，进行登机检疫，希望将疫情阻绝于境外。 临沂 ,无,无,2020-01-01 23:07,OPPO R11 Plus,1,0,0
InwoE0TMa,柯香2013,3782009905,武汉现27例肺炎病例 涉事海鲜城将开展消毒工作 武汉现27例肺炎病例 涉事海鲜城将开展消毒工作 ,无,无,2020-01-01 23:05,新浪新闻中心,0,0,0
Inwofdst1,红城发布,5066635908,【散布不实消息 8人被警方依法查处】据武汉市公安局通报，近期，武汉市部分医疗机构发现接诊了多例肺炎病例，市卫健委就此发布了情况通报。但一些网民在不经核实的情况下，在网络上发布、转发不实信息，造成不良社会影响。公安机关经调查核实，已传唤8名违法人员，并依法进行了处理。警方提示，网络不是法外之地，在网上发布信息、言论应遵守法律法规，对于编造、传播、散布谣言，扰乱社会秩序的违法行为，警方将依法查处，绝不姑息。希望广大网民遵守相关法律法规，不造谣、不信谣、不传谣，共建和谐清朗的网络空间。（新京报）,无,无,2020-01-01 23:04,Android,1,0,0
Inwnn7Mnp,ss摄影随记,2203547562,希望不要是大形传染病，并不想在有生之年遇到这种可怕的事,无,无,2020-01-01 23:02,荣耀V20 4800万3D相机,0,0,0
InwmuvfJD,贾宝军188,7211102158,交易分析——2019月31日        今日大盘低开震荡向上，盘中因证券股未能延续昨日强势。午间上证微跌至3030，午后，因武汉海鲜市场不明肺炎引发医药股强力反弹，突破前期高点收3050。这将意味着A股突破前期箱体，打开了新空间。        就最近证券法、放开外资持股比例、新外资投资法、以及今日央行新年红包1月6日降准0.5个百分点释放8000亿元流动资金，1月份地方政府也开始发专项债预计1844亿元，同时，央行也很有可能使用MLF平衡利率市场，提振实体经济。结合领导层住房不炒原则，这将很有可能催生A股走牛。不过，以上消息均以被市场预测到位，不具备突然性，指数方面上证暂时不会超过前期高点3270。就算触及也是震荡上行，具体还得看量能能否持续方大。所以我认为上证明天高开高走至3070附近。然后继续震荡在3000至3100之间。大概率板块方面关注券商、软件、化工化纤、汽车制造。仓位方面逢高减仓，逢低加仓。以免踏空或坐电梯。推荐冲高至3100减半，3200空仓，3000满仓。,无,无,2020-01-01 23:00,HUAWEI nova 2s,0,0,0
InwmtiEgx,小小小吨,3300732252,我围观了 的回答，围观仅1元，快来一起围观~ <br />微博问答:如何看待武汉发现不明原因肺炎？具体情况如何？ ,无,无,2020-01-01 23:00,微博问答,4,0,0
InwmqjaPz,凤凰周刊,1267454277,【：发病十多天曾以为是感冒】1月1日，（化名），他表示目前数十名患者都在一起进行治疗。黄勇称自己发病了十多天，一开始以为是感冒。另一患者家属梁丽（化名）告诉 ，患者被隔离治疗后还没被允许探望。 via.紧急呼叫,无,无,2020-01-01 23:00,无,99,21,19
InwlraaCr,相见恨晚2020LY,5035338478,我在看：【事件已有8人因散布谣言被警方查处】  事件已有8人因散布谣言被警方查处 ,无,无,2020-01-01 22:57,新浪新闻客户端,0,0,0
InwkP2aGn,楚天音乐广播,1670738351,【：发病十多天曾以为是感冒】1月1日， 连线到目前正在医院中隔离治疗的黄勇（化名），他表示目前数十名患者都在一起进行治疗。黄勇称自己发病了十多天，一开始以为是感冒。另一患者家属梁丽（化名）告诉 ，患者被隔离治疗后还没被允许探望。 ,无,无,2020-01-01 22:56,iPhone客户端,0,0,0
InwkFAeTj,楚天音乐广播,1670738351,【】1月1日，湖北武汉公安通报称，发生后，一些网民不经核实，在网上发布转发不实信息，目前8名散布谣言的违法人员已被查处。2019年12月31日，武汉市卫健委通报称，12月以来武汉发现病毒性肺炎病历27例，多例肺炎病例与华南海鲜城有关联。 ,无,无,2020-01-01 22:55,iPhone客户端,1,1,0
InwjSyUxU,农夫山泉有点田资深老农,1913943487,《【武汉市卫健委关于肺炎疫情的情况通报：未发现明显人传人现象，初步分析认为武汉》人民日报在百度动态发表了新动态，快来和ta互动吧 ,无,无,2020-01-01 22:54,百度App,3,0,0
InwjMAS5E,十万刹那,5259625714,今天没干别的事，研究了俩事。第一个事，03年非典以及当前武汉不明原因肺炎。第二个事，民航总医院血案中95岁老太太转院朝阳ICU的细节，在琢磨转院这事时，重读了《流感下的北京中年》。许多事情，真是经不住推敲。 ,无,无,2020-01-01 22:53,iPhone客户端,25,0,8
InwjJEfAh,江夏视点,6619140948,【关于疫情，8名散布谣言者被依法查处】刚刚，武汉市公安局官方微博发布消息称，关于当前武汉市肺炎疫情的情况，8名散布谣言者被依法查处。近期，我市部分医疗机构发现接诊了多例肺炎病例，市卫健委就此发布了情况通报。但一些网民在不经核实的情况下，在网络上发布、转发不实信息，造成不良社会影响。公安机关经调查核实，已传唤8名违法人员，并依法进行了处理。警方提示，网络不是法外之地，在网上发布信息、言论应遵守法律法规，对于编造、传播、散布谣言，扰乱社会秩序的违法行为，警方将依法查处，绝不姑息。希望广大网民遵守相关法律法规，不造谣、不信谣、不传谣，共建和谐清朗的网络空间。,无,无,2020-01-01 22:53,360安全浏览器,9,0,0
InwjFflj6,diamonddy,2418989655,我免费围观了  的回答，问题价值 388.00 元，快来一起围观~ <br />微博问答:如何看待武汉发现不明原因肺炎？具体情况如何？ ,无,无,2020-01-01 22:53,微博 weibo.com,0,0,0
Inwjto9G2,狙股子,2645036510,疫苗：鲁抗医药、联环药业 、莱茵生物、四环生物 、东北制药 、香雪制药、珍宝岛 、康芝药业 、未名医药 、海王生物、以岭医药点评：武汉出现病毒性肺炎病例的消息面刺激而起，板块之所以快速大涨源于大家对16年前的事件心有余悸，其实那完全没得比，假日消息面并未发酵，且与大家昨日的理解有偏差，这决定板块只是情绪性短炒而难持续。能走出极个别股出来就不错，后排跟风个股容易是抢跑走势。,无,无,2020-01-01 22:53,微博 weibo.com,2,0,0
InwinqK6q,Ljllllwm,3889646726,-2020第一天，被武汉鬼肺炎耽误了去博物馆听音乐会的机会.-前两天考试，没学的英语今天补上 ,无,无,2020-01-01 22:50,iPhone客户端,2,0,0
Inwh8DDAi,鱼爱沙,1821248400,2020年，新年第一天，本想带着一一坐动车去武汉玩，他还从来没坐过动车，结果武汉那边发现不明原因肺炎就罢了，老公说要不去长沙，我又来大姨妈不想动所以一天就呆孝感了，上午去新开的万达逛了逛，老公给我买了一瓶香水作为新年礼物，还给一一买了玩具，他好像什么都没有,无,无,2020-01-01 22:47,iPhone客户端,6,0,2
Inwh4toBa,Lava53880,5381836614,A室友感冒了😷B室友说：你还是戴口罩吧，我怕你是最近武汉流行的肺炎,无,无,2020-01-01 22:47,iPhone客户端,5,0,3
InwgikL5H,因为美丽而改变世界,1884595374, ,无,无,2020-01-01 22:45,魅族 16 旗舰手机,0,0,0
InwfepNWb,上海传媒王琪,1677242613,分享凤凰新闻：散布不实消息 8人被警方依法查处散布不实消息 8人被警方依法查处来自  ,无,无,2020-01-01 22:42,凤凰新闻,0,0,0
Inwf4FDD3,姓难名难太难了,2606794357,为什么要和谐文章？怕被抖出真相吗？为什么打个999就能入住朝阳医院？为什么治疗费清单显示是医院支付？ 多家官方媒体为凌教授背书，公信力何在？ ,无,无,2020-01-01 22:42,HUAWEI Mate 10,78,10,12
InwezlZU2,长江政经,1116648494,《散布不实消息 8人被警方依法查处》新京报快讯、据武汉市公安局通报，近期，武汉市部分医疗机构发现接诊了多例肺炎病例，市卫健委就此发布了情况通报。 ,无,无,2020-01-01 22:40,百度App,0,0,0
Inwe93l6g,--周旋久-,5693948697,今天视频，妈在医院，戴着口罩，状态依旧很差，可以想见外婆经过化疗，状况依旧没有好转，妈问我要不要看看外婆，我说就不看了，怕忍不住。杨文医生遇害，武汉不明肺炎，以及外婆病危，让我对医护人员产生了莫名的信任感。尤其是落到自身时，我更加希望，他们，以及背后的医疗体系值得信任。 ,无,无,2020-01-01 22:39,小米9,9,0,1
Inwdsg5NM,新浪湖北健康频道,2049435632, 【对话：发病十多天曾以为是感冒】1日， 连线到目前正在医院中隔离治疗的黄勇（化名），他表示目前数十名患者都在一起进行治疗。黄勇称自己发病了十多天，一开始以为是感冒。另一患者家属梁丽（化名）说 ，患者被隔离治疗后还没被允许探望。   ,无,无,2020-01-01 22:38,iPhone X,3,0,1
Inwd6CgWK,BFTK线向上,2941803627, 【8名散布谣言者被依法查处】近期，武汉市部分医疗机构发现接诊了多例肺炎病例，武汉市卫健委就此发布了情况通报。但一些网民在不经核实的情况下，在网络上发布、转发不实信息，造成不良社会影响。公安机关经调查核实，已传唤8名违法人员，并依法进行了处理。 ,无,无,2020-01-01 22:37,HUAWEI Mate 10,16,0,1
InwbwfdZe,小米加步枪b,6381384078, 半小时前，有人散布不实消息，已被警方查处 1月1日晚22时08分，武汉市公安局官方微博发布消息：近期，武汉市部分医疗机构发现接诊了多例肺炎病例，市卫健委就此发布了情况通报。但一些网民在不经核实的情况下，在网络上发布、转发不实信息，造成不良社会影响。公安机关经调查核实，已传唤8名违法人员，并依法进行了处理。警方提示，网络不是法外之地，在网上发布信息、言论应遵守法律法规，对于编造、传播、散布谣言，扰乱社会秩序的违法行为，警方将依法查处，绝不姑息。希望广大网民遵守相关法律法规，不造谣、不信谣、不传谣，共建和谐清朗的网络空间。 ,无,http://t.cn/R2WxSeZ,2020-01-01 22:33,OPPO随光而变R17,14,1,6
InwaVC1nw,南粤寒冬,1669450004,散布不实消息，8人被警方查处 ,无,无,2020-01-01 22:32,人民日报客户端,0,0,0
Inwaygf8f,盐城李德宏,1859566770,我免费围观了  的回答，问题价值 388.00 元，快来一起围观~ <br />微博问答:如何看待武汉发现不明原因肺炎？具体情况如何？ ,无,无,2020-01-01 22:31,微博 weibo.com,0,0,0
Inwaa4UEq,虾米Hilda,2049138295, 我们亲手做的,无,#新年第一餐#,2020-01-01 22:30,iPhone客户端,0,0,0
Inwa98GbK,胜利的爆燃行情,1749292741,受到武汉不明原因肺炎的刺激，抗病毒概念股在周二成为了最大的赢家。板块涨停超过10家，而究其原因，一方面是以股民的年龄大多感受过03年肺炎支配的恐惧，都有那么一段记忆。不过这倒不是整个抗病毒概念崛起的主因。消息只是催化剂，主要原因还是在于周一中信证券 涨停后，情绪缓和了市场大部分资金的焦虑。在年末最后两天的交易日中，市场并没有想象中的那么缺钱。,无,无,2020-01-01 22:30,微博 weibo.com,0,0,0
Inw9nixyG,异想天开2020,7156124221,我免费围观了  的回答，问题价值 388.00 元，快来一起围观~ <br />微博问答:如何看待武汉发现不明原因肺炎？具体情况如何？ ,无,无,2020-01-01 22:28,微博 weibo.com,0,0,0
Inw94oyzN,用户简单爱123,6186999715,我免费围观了  的回答，问题价值 388.00 元，快来一起围观~ <br />微博问答:如何看待武汉发现不明原因肺炎？具体情况如何？ ,无,无,2020-01-01 22:27,微博 weibo.com,0,0,0
Inw8xylIa,剑客肖锋,5675474690,湖北省武汉市公安局官方微博今日发布消息，依法查处8名散布医疗机构接诊多例肺炎病例谣言者。 ,无,无,2020-01-01 22:26,决战龙头新浪微博4G版,123,18,75
Inw8m3uiM,用户7087237291,7087237291,我在看：【事件已有8人因散布谣言被警方查处】  事件已有8人因散布谣言被警方查处 ,无,无,2020-01-01 22:25,新浪新闻客户端,0,0,0
Inw8ieTWq,我换个名字试试吧,5715930167,我围观了 的回答，围观仅1元，快来一起围观~ <br />微博问答:如何看待武汉发现不明原因肺炎？具体情况如何？ ,无,无,2020-01-01 22:25,微博问答,0,0,0
Inw86FfW9,Yehyuanchin,1950086267,澳門衛生局即日起，在澳門國際機場對來自武漢的航班，要求每名乘客要進行體溫篩查。衛生局局長李展潤說，武漢出現不明原因肺炎群集病例，在同一地點多達27宗個案，近四分一是病情嚴重，情況不尋常。他表示，澳門與武漢每日有2班直航飛機，兩地人員來往密切。衛生局已加派人手，在口岸特別是機場加強監測旅客的健康情況，和派發宣傳單張。澳門當局即日起，向醫院及醫護人員發出指引，檢視了口岸的監測機制、醫護人員培訓、現時藥物、隔離病床、消耗物資足夠應對，並呼籲市民如果前往武漢，要避免到當地醫院和市場，同時要注意個人衛生。,无,无,2020-01-01 22:25,微博国际版,3,1,0
Inw86lIgK,包子卤面8,5494026041,我免费围观了  的回答，问题价值 388.00 元，快来一起围观~ <br />微博问答:如何看待武汉发现不明原因肺炎？具体情况如何？ ,无,无,2020-01-01 22:25,微博 weibo.com,0,0,0
Inw7R3Vaw,南方周末,1639498782,【疫情追踪：华南海鲜批发市场休市整治】1月1日上午8时许，武汉华南海鲜批发市场休市，进行环境卫生整治。开市时间另行通知。南方周末记者掌握的一份落款为“省、市、区疾控中心联合调查组”的报告显示，市场分为东、西两个区域，共有摊位650余个，从业人员1500余人。报告写道，“西区卫生环境很差，销售垃圾随处堆放，地面潮湿，通风很差。”“目前处于呼吸道疾病流行期，该市场人群聚集性高，通风较差，卫生环境恶劣，为病例发生的客观原因。”报告还提到，目前未发现该市场聚集性病例，患者摊位较分散，无明显接触交叉，无时间和空间上的聚集性，仅有华南海鲜批发市场的暴露史。目前，对病原的检测及感染原因的调查仍在进行中。  ,无,无,2020-01-01 22:24,微博视频,161,39,25
Inw7Qpcw5,智达老猴,2458091913,我围观了 的回答，围观仅1元，快来一起围观~ <br />微博问答:如何看待武汉发现不明原因肺炎？具体情况如何？ ,无,无,2020-01-01 22:24,微博问答,0,0,0
Inw7Q9lM2,wmjasdf,1282054253,我免费围观了  的回答，问题价值 388.00 元，快来一起围观~ <br />微博问答:如何看待武汉发现不明原因肺炎？具体情况如何？ ,无,无,2020-01-01 22:24,微博 weibo.com,0,0,0
Inw7yniez,军长蜀黍,5279679749,【】1月1日，湖北武汉公安通报称，发生后，一些网民不经核实，在网上发布转发不实信息，目前8名散布谣言的违法人员已被查处。2019年12月31日，武汉市卫健委通报称，12月以来武汉发现病毒性肺炎病历27例，多例肺炎病例与华南海鲜城有关联。,无,无,2020-01-01 22:23,无,2,0,1
Inw7j2mDY,新京报我们视频,6124642021,【8人因散布谣言被查处】1月1日，湖北武汉公安通报称，发生后，一些网民不经核实，在网上发布转发不实信息，目前8名散布谣言的违法人员已被查处。2019年12月31日，武汉市卫健委通报称，12月以来武汉发现病毒性肺炎病历27例，多例肺炎病例与华南海鲜城有关联。,无,无,2020-01-01 22:23,微博 weibo.com,4973,1057,652
Inw7ei4Az,玉泉溪_,5689306554,《武汉发现不明原因肺炎 国卫健委专家组已抵武汉》12月30日，武汉市卫生健康委员会医政医管处发布《关于做好不明原因肺炎救治工作的紧急通知》。通知称，武汉市… （分享自 ）点击链接查看详情 分享链接  ,无,无,2020-01-01 22:22,凯迪社区客户端,0,0,0
Inw77bBZ7,70后稻草人,1227785054,我免费围观了  的回答，问题价值 388.00 元，快来一起围观~ <br />微博问答:如何看待武汉发现不明原因肺炎？具体情况如何？ ,无,无,2020-01-01 22:22,微博 weibo.com,0,0,0
Inw73EeK6,千龙网中国首都网,3215951873,【：发病十多天曾以为是感冒】1月1日， 连线到目前正在医院中隔离治疗的黄勇（化名），他表示目前数十名患者都在一起进行治疗。黄勇称自己发病了十多天，一开始以为是感冒。另一患者家属梁丽（化名）说 ，患者被隔离治疗后还没被允许探望。紧急呼叫的秒拍视频 ,无,无,2020-01-01 22:22,360安全浏览器,0,1,0
Inw61vSfj,一路小跑丿,5871642482,我免费围观了  的回答，问题价值 388.00 元，快来一起围观~ <br />微博问答:如何看待武汉发现不明原因肺炎？具体情况如何？ ,无,无,2020-01-01 22:19,微博 weibo.com,0,0,0
Inw5QApS2,DV现场,1736068007,【有网民散布相关谣言，武汉警方：8人被依法查处】 近期，我市部分医疗机构发现接诊了多例肺炎病例，市卫健委就此发布了情况通报。但一些网民在不经核实的情况下，在网络上发布、转发不实信息，造成不良社会影响。公安机关经调查核实，已传唤8名违法人员，并依法进行了处理。警方提示，网络不是法外之地，在网上发布信息、言论应遵守法律法规，对于编造、传播、散布谣言，扰乱社会秩序的违法行为，警方将依法查处，绝不姑息。希望广大网民遵守相关法律法规，不造谣、不信谣、不传谣，共建和谐清朗的网络空间。,无,无,2020-01-01 22:19,360安全浏览器,3,0,1
Inw5x5CfM,pingpingpingw,2546519384, 今天出门看到好多人都戴着口罩，我也要买😷 😷 😷 武汉 ,无,#武汉发现不明原因肺炎#,2020-01-01 22:18,红米Redmi,0,0,0
Inw4nzk6t,慧清201701,6121746528,我在看：【事件已有8人因散布谣言被警方查处】  事件已有8人因散布谣言被警方查处 ,无,无,2020-01-01 22:15,新浪新闻客户端,0,0,0
Inw4gdgWZ,脆脆脆脆SHA,6029631844,家里口罩快用完了 遇上 赶紧给自己囤了50个 给爸妈囤了100个 ,无,无,2020-01-01 22:15,iPhone客户端,0,1,2
Inw4eqxDS,只爱喝果珍,1915016764,武汉警方：8人散布不实消息 被依法处理  ,无,无,2020-01-01 22:15,天眼新闻,0,0,0
Inw43u3DL,中国日报网,2127460165,【】1月1日，湖北武汉华南海鲜批发市场休市整治卫生。 走访市场周边药房发现口罩及板蓝根销售火爆，其中部分店铺出现断货的情况，“整个汉口这边所有的店，都已经告急了，包括板蓝根。这些是才从其他店调过来的。”紧急呼叫的秒拍视频 ,无,无,2020-01-01 22:15,微博 weibo.com,9,1,0
Inw3w9n0Q,阿Q日-报,3288317967,散布谣言，8人被依法查处。 ,无,无,2020-01-01 22:13,HUAWEI Mate 20 X,0,0,0
Inw2Sdjry,李俊豪lijunhao,2157820157,我免费围观了  的回答，问题价值 388.00 元，快来一起围观~ <br />微博问答:如何看待武汉发现不明原因肺炎？具体情况如何？ ,无,无,2020-01-01 22:12,微博 weibo.com,0,0,0
Inw2H0915,独行骑士·Lwf,6316344897,武汉警方：8人散布不实消息 被依法处理【来自中新网客户端】 ,无,无,2020-01-01 22:11,中新网android客户端,1,0,0
Inw1WAdHG,检察官张聪,3761691972,你说话的前提是必须不能造谣诽谤和诬陷。  固原 ,无,#散布武汉肺炎谣言8人被查处#,2020-01-01 22:09,HUAWEI Mate 10,41,10,18
Inw0Pturs,福建台新闻频道,2718644634, 【散布谣言，8人被依法查处】，近期，武汉市部分医疗机构发现接诊了多例肺炎病例，市卫健委就此发布了情况通报。但一些网民在不经核实的情况下，在网络上发布、转发不实信息，造成不良社会影响。公安机关经调查核实，已传唤8名违法人员，并依法进行了处理。警方提示，网络不是法外之地，在网上发布信息、言论应遵守法律法规，对于编造、传播、散布谣言，扰乱社会秩序的违法行为，警方将依法查处，绝不姑息。希望广大网民遵守相关法律法规，不造谣、不信谣、不传谣，共建和谐清朗的网络空间。,无,无,2020-01-01 22:07,iPhone客户端,5,0,3
Inw0Bxr7C,东西湖发布,2797392924,【8人因网上散布“武汉病毒性肺炎”不实信息被依法处理】武汉市公安局1日通报称，日前一些关于“武汉病毒性肺炎”的不实信息在网络流传，公安部门对此进行了调查。目前，8人因散布不实信息，被警方依法处理。　　据武汉警方通报，近期，武汉市部分医疗机构发现、接诊多例肺炎病例。武汉市卫健委就此发布了情况通报。但部分网民在不经核实的情况下，在网络上发布、转发不实信息，造成不良社会影响。公安机关经调查核实，已传唤8名违法人员，并依法进行了处理。　　武汉警方提示，在网上发布信息、言论应遵守法律法规。对于编造、传播、散布谣言，扰乱社会秩序的违法行为，警方将依法查处，绝不姑息。警方呼吁网民不造谣、不信谣、不传谣，共建和谐清朗的网络空间。（新华视点）,无,无,2020-01-01 22:06,HUAWEI P20,4,1,3
Inw0iFaqh,白云喝酒,5401372152,我在看：【事件已有8人因散布谣言被警方查处】  事件已有8人因散布谣言被警方查处 ,无,无,2020-01-01 22:05,新浪新闻客户端,0,0,0
InvZWbJng,种草惠惠酱,5883105068,香蕉被称为“高能量的食品”，含有极易为人体吸收的碳水化合物，同时还富含钾。钾在人体内能够帮助维持肌肉和神经的正常功能，但它不能在体内储存很多时间，人在剧烈运动后，体内的钾会降得很低。研究表明，钾过低会导致肌肉疼痛，心律不齐、反应迟缓等，而吃几根香蕉则可补充钾的不足。 公：sou860 「大补贴」 ,无,无,2020-01-01 22:04,sou280,1,1,0
InvZrdfoe,吉视生活频道官微,2388230995,【：发病十多天曾以为是感冒】1月1日， 连线到目前正在医院中隔离治疗的黄勇（化名），他表示目前数十名患者都在一起进行治疗。黄勇称自己发病了十多天，一开始以为是感冒。另一患者家属梁丽（化名）说 ，患者被隔离治疗后还没被允许探望。 ,无,无,2020-01-01 22:03,小米8周年旗舰手机,0,0,0
InvZgvYI1,宁县检察,5378771805,【对话：发病十多天曾以为是感冒】1日， 连线到目前正在医院中隔离治疗的黄勇（化名），他表示目前数十名患者都在一起进行治疗。黄勇称自己发病了十多天，一开始以为是感冒。另一患者家属梁丽（化名）说 ，患者被隔离治疗后还没被允许探望。紧急呼叫的秒拍视频 ,无,无,2020-01-01 22:03,HUAWEI nova 2 Plus,1,1,2
InvZ6wfaF,1018陕广新闻,3003665760,【对话：发病十多天曾以为是感冒】1日， 连线到目前正在医院中隔离治疗的黄勇（化名），他表示目前数十名患者都在一起进行治疗。黄勇称自己发病了十多天，一开始以为是感冒。另一患者家属梁丽（化名）说 ，患者被隔离治疗后还没被允许探望。紧急呼叫的秒拍视频 ,无,无,2020-01-01 22:02,无,0,0,0
InvYjpza2,新京报,1644114654,【对话：发病十多天曾以为是感冒】1日， 连线到目前正在医院中隔离治疗的黄勇（化名），他表示目前数十名患者都在一起进行治疗。黄勇称自己发病了十多天，一开始以为是感冒。另一患者家属梁丽（化名）说 ，患者被隔离治疗后还没被允许探望。紧急呼叫的秒拍视频 ,无,无,2020-01-01 22:00,无,615,284,299
InvYfzxh8,SamZheng郑,1107869323,人民网 在  回答了问题: 12 月 30 日武汉出现不明原因肺炎，目前情况如何？ 👉  ,无,无,2020-01-01 22:00,知乎客户端,0,0,0
InvYepAnV,二三里重庆,2104693617,【】1月1日，湖北武汉华南海鲜批发市场休市整治卫生。 走访市场周边药房发现口罩及板蓝根销售火爆，其中部分店铺出现断货的情况，“整个汉口这边所有的店，都已经告急了，包括板蓝根。这些是才从其他店调过来的。”紧急呼叫的秒拍视频 ,无,无,2020-01-01 22:00,无,2,1,0
InvXXhlID,手机上的新浪,1712686623,【对话：发病十多天曾以为是感冒】1月1日， 连线到目前正在医院中隔离治疗的黄勇（化名），他表示目前数十名患者都在一起进行治疗。黄勇称自己发病了十多天，一开始以为是感冒。另一患者家属梁丽（化名）告诉 ，患者被隔离治疗后还没被允许探望。,无,无,2020-01-01 22:00,专业版微博平台,7,2,2
InvXWEuTz,新浪看点,1778758223,【对话：发病十多天曾以为是感冒】1月1日， 连线到目前正在医院中隔离治疗的黄勇（化名），他表示目前数十名患者都在一起进行治疗。黄勇称自己发病了十多天，一开始以为是感冒。另一患者家属梁丽（化名）告诉 ，患者被隔离治疗后还没被允许探望。,无,无,2020-01-01 22:00,专业版微博平台,3,1,1
InvXWnZsK,新浪新闻,2028810631,【对话：发病十多天曾以为是感冒】1月1日， 连线到目前正在医院中隔离治疗的黄勇（化名），他表示目前数十名患者都在一起进行治疗。黄勇称自己发病了十多天，一开始以为是感冒。另一患者家属梁丽（化名）告诉 ，患者被隔离治疗后还没被允许探望。,无,无,2020-01-01 22:00,专业版微博平台,504,61,175
InvXJ5iQM,山东高法,3823554401, 【】 通报：近期，我市部分医疗机构发现接诊多例肺炎病例，市卫健委就此发布通报。但一些网民在不经核实情况下，发布、转发不实信息，造成不良社会影响。公安机关已传唤8名违法人员，并依法进行处理。望广大网民遵守相关法律法规，不造谣、不信谣、不传谣。 ,无,无,2020-01-01 21:59,无,24,17,9
InvXItDP8,新文化网,1722628512,【：发病十多天曾以为是感冒】1月1日， 连线到目前正在医院中隔离治疗的黄勇（化名），他表示目前数十名患者都在一起进行治疗。黄勇称自己发病了十多天，一开始以为是感冒。另一患者家属梁丽（化名）说 ，患者被隔离治疗后还没被允许探望。紧急呼叫的秒拍视频 ,无,无,2020-01-01 21:59,专业版微博,6,0,1
InvXy8MW5,南平检察,5539719053, 【8人因网上散布“武汉病毒性肺炎”不实信息被依法处理】武汉市公安局1日通报称，日前一些关于“武汉病毒性肺炎”的不实信息在网络流传，公安部门对此进行了调查。目前，8人因散布不实信息，被警方依法处理。警方呼吁网民不造谣、不信谣、不传谣，共建和谐清朗的网络空间。 （检察日报）,无,无,2020-01-01 21:59,360安全浏览器,2,3,5
InvXonjE8,對酒當歌郝,5558021220,，8人传谣被查处！警方提示，网络不是法外之地。据 刚刚消息，近期，我市部分医疗机构发现接诊了多例肺炎病例，市卫健委就此发布了情况通报。但一些网民在不经核实的情况下，在网络上发布、转发不实信息，造成不良社会影响。公安机关经调查核实，已传唤8名违法人员，并依法进行了处理。警方提示，网络不是法外之地，在网上发布信息、言论应遵守法律法规，对于编造、传播、散布谣言，扰乱社会秩序的违法行为，警方将依法查处，绝不姑息。希望广大网民遵守相关法律法规，不造谣、不信谣、不传谣，共建和谐清朗的网络空间。 ,无,http://t.cn/R2Wxlz6,2020-01-01 21:58,iPhone客户端,1,0,5
InvWYp7Tv,到底让换昵称吗,2665074431,我免费围观了  的回答，问题价值 388.00 元，快来一起围观~ <br />微博问答:如何看待武汉发现不明原因肺炎？具体情况如何？ ,无,无,2020-01-01 21:57,微博 weibo.com,0,0,0
InvWl6M53,青海政法,5341858893,【：发病十多天曾以为是感冒】1月1日， 连线到目前正在医院中隔离治疗的黄勇（化名），他表示目前数十名患者都在一起进行治疗。黄勇称自己发病了十多天，一开始以为是感冒。另一患者家属梁丽（化名）告诉 ，患者被隔离治疗后还没被允许探望。,无,无,2020-01-01 21:56,iPhone客户端,4,1,0
InvW64vRD,淘股吧官方微博,2375574514,【】1月1日，湖北武汉华南海鲜批发市场休市整治卫生。走访市场周边药房发现口罩及板蓝根销售火爆，其中部分店铺出现断货的情况，“整个汉口这边所有的店，都已经告急了，包括板蓝根。这些是才从其他店调过来的。”紧急呼叫的秒拍视频 ,无,无,2020-01-01 21:55,无,4,1,2
InvVV79qv,沉静长师,6931430602, 造谣肯定是不对的，若是真的造谣了，那就该抓。只是，“肺炎”这个事件不是已经确认了吗？而且整个市场也关了，进行清洁整顿，他们又是造的什么谣呢？应该可以一并公布出来的吧。让大家看清楚分辨一下也好啊。要不然，总觉得有那么一点抓得不明不白的。毕竟有肺炎是一个事实，那就把他们的“谣言”公布一下对比一下事实看看嘛！,无,无,2020-01-01 21:55,无,615,25,271
InvVRfujB,攀枝花综合广播,2286385060,【：发病十多天曾以为是感冒】1月1日， 连线到目前正在医院中隔离治疗的黄勇（化名），他表示目前数十名患者都在一起进行治疗。黄勇称自己发病了十多天，一开始以为是感冒。另一患者家属梁丽（化名）告诉 ，患者被隔离治疗后还没被允许探望。,无,无,2020-01-01 21:54,iPhone客户端,0,0,0
InvVD4A9Y,周蓬安,1231668867,【散布不实消息 8人被警方依法查处】据武汉市公安局通报，近期，武汉市部分医疗机构发现接诊了多例肺炎病例，市卫健委就此发布了情况通报。但一些网民在不经核实的情况下，在网络上发布、转发不实信息，造成不良社会影响。公安机关经调查核实，已传唤8名违法人员，并依法进行了处理。（新京报）微评：每次遇到有关人身安全方面的疫情或者地震，总会有人发布不实信息。这些人也不一定就是故意造谣，很多就是虚荣心作怪，将道听途说的消息发布网络，以显示自己消息灵通。,无,无,2020-01-01 21:54,nova4自拍极点全面屏,54,3,12
InvV55Ihu,天津政法,5897816720,【：发病十多天曾以为是感冒】1月1日， 连线到目前正在医院中隔离治疗的黄勇（化名），他表示目前数十名患者都在一起进行治疗。黄勇称自己发病了十多天，一开始以为是感冒。另一患者家属梁丽（化名）告诉 ，患者被隔离治疗后还没被允许探望。 ,无,无,2020-01-01 21:52,荣耀V10 我AI的快,24,5,3
InvUpq4uT,糖糖爱吃辣810,2383800853, 前几天听说我建档的医院，晚上没有无痛，所以趁今天休息，赶紧去医院确认下。我们带着口罩(武汉正发现了肺炎)，小声客气得问产科护士:请问医院晚上有无痛吗？护士也跟着特别小声说了一大串，我们都没怎么听见，就疑惑的问护士说：啊？什么？然后护士又小声说了一串，我还是没听见，就听见良哥说:不是要流产，是生产，生产的无痛。护士说有有有，现在24小时都有。原来护士以为我们要做流产，所以跟着我们放低了声音，哈哈哈哈哈，护士太可爱了,无,无,2020-01-01 21:51,HUAWEI P20 Pro,0,0,0
InvU8hA3u,每日博闻,6939999104,关于疫情 武汉市委机关报回答6个问题  关于疫情 武汉市委机关报回答6个问题 ,无,无,2020-01-01 21:50,微博 weibo.com,0,0,4
InvTZaxyZ,新京报我们视频,6124642021,【：发病十多天曾以为是感冒】1月1日， 连线到目前正在医院中隔离治疗的黄勇（化名），他表示目前数十名患者都在一起进行治疗。黄勇称自己发病了十多天，一开始以为是感冒。另一患者家属梁丽（化名）告诉 ，患者被隔离治疗后还没被允许探望。,无,无,2020-01-01 21:50,微博 weibo.com,142,32,43
InvTSBFGF,蜂古,7298717074,武汉华南海鲜批发市场休市整治 不明原因肺炎原病体研究仍在进行 _ 东方财富网 武汉华南海鲜批发市场休市整治 不明原因肺炎原病体研究仍在进行 ,无,无,2020-01-01 21:49,东方财富网,0,0,0
InvTPoy5L,空中飞,1063750870,近期，武汉市部分医疗机构发现接诊了多例肺炎病例，市卫健委就此发布了情况通报。但一些网民在不经核实的情况下，在网络上发布、转发不实信息，造成不良社会影响。公安机关经调查核实，已传唤8名违法人员，并依法进行了处理。 荆州·公安县 ,无,无,2020-01-01 21:49,荣耀V9 我想要的快,0,0,0
InvTpFy7x,xingyun2019,6557682075,我免费围观了  的回答，问题价值 388.00 元，快来一起围观~ <br />微博问答:如何看待武汉发现不明原因肺炎？具体情况如何？ ,无,无,2020-01-01 21:48,微博 weibo.com,0,0,0
InvTixS2s,潍坊晚报,1802564537,【：发病十多天曾以为是感冒】1月1日， 连线到目前正在医院中隔离治疗的黄勇（化名），他表示目前数十名患者都在一起进行治疗。黄勇称自己发病了十多天，一开始以为是感冒。另一患者家属梁丽（化名）告诉 ，患者被隔离治疗后还没被允许探望。 ,无,无,2020-01-01 21:48,iPhone 6s,1,1,4
InvT98P5D,德国Rossmann-晓栋,2769794011,发生在武汉的不明原因肺炎牵动着很多妈妈👩的心，因为孩子👶是蕞容易被流感病毒攻击的目标。在德国🇩🇪，幼儿园和中小学校🏫是流感病毒预防的第一道防线。老师有义务在弟一时间向卫生机构和家长通报各种异状的发烧/咳嗽/腹泻等问题，并要求这样的孩子被立刻接回家。即使烧退后，也需要2⃣️4⃣️小时的观察期，然后孩子才能回到幼儿园。德国家长带孩子去公共场所，经常会随身带消毒喷雾和消毒湿巾，随时随地擦拭餐桌🪑，椅子、马桶圈等。以德国Domol消毒祛菌喷雾为例，它已经有能够在1⃣️5⃣️秒到3⃣️0⃣️秒的时间内快速沙灭绝大部分常见细菌和病毒的产品，流行性感冒病毒，副流感病毒，巨细胞病毒，H1N1病毒，H5N1病毒，诺如病毒，SARS病毒，疱症病毒，腹泻病毒，牛痘病毒，乙肝病毒，艾滋病病毒，丙肝病毒🦠等只需要15秒钟就能沙灭。细菌的细胞壁更厚，所以沙灭常见细菌，例如结核病菌，白色念如菌等则需要30秒钟的时间。其它的预防措施还包括：👉保持室内空气流通，👉避免到封闭空气不流通的公共场所和人多集中的地方，👉外出可佩戴口罩，👉与携带感冒症状的人士交谈时保持足够的身体距离等。这样多管齐下，就能确保你和孩子安然度过冬季流感季。,无,无,2020-01-01 21:48,iPhone,3,2,0
InvSOpwDZ,今天不咸鱼OoO,3970401196,以为从医院回来就可以元气满满的生活，2019年的最后一天武汉爆发肺炎病毒我带着例假受了风寒，2020的第一天发着高烧。最近生活貌似对我不太友好，其实要学会感恩，感恩2019年的遇见，感恩2020的不离不弃,无,无,2020-01-01 21:47,HUAWEI P30,1,0,0
InvSxgYkt,湖北医家人,7091526133, 【】1月1日，湖北武汉华南海鲜批发市场休市整治卫生。 走访市场周边药房发现口罩及板蓝根销售火爆，其中部分店铺出现断货的情况，“整个汉口这边所有的店，都已经告急了，包括板蓝根。这些是才从其他店调过来的。”   ,无,无,2020-01-01 21:46,vivo X23全息幻彩,1,0,1
InvScBGXT,仰望蓝天926向前,6068931188,我免费围观了  的回答，问题价值 388.00 元，快来一起围观~ <br />微博问答:如何看待武汉发现不明原因肺炎？具体情况如何？ ,无,无,2020-01-01 21:45,微博 weibo.com,0,0,0
InvRUigaR,国际旅游岛商报,1708533224,【太阳开始“休年假”，海南阴雨绵绵不休 】○重磅！6日起，央行降准○东方6名“飙车党”被“团灭”！○散布不实消息，8人被查处○女孩相亲遇车祸截肢，男方：嫁过来就付医疗费太阳开始“休年假”，海南阴雨绵绵不休丨海上夜闻·视听汇 ,无,无,2020-01-01 21:45,微博 weibo.com,0,0,0
InvRHCrWl,吉林微爆料,6206606193,【肺炎的症状及发病原因】 目前，国家卫健委专家组已抵达湖北武汉，正展开相关检测核实工作。 肺炎的症状及发病原因是什么，下面是大多数常见肺炎的发病机制，更多了解和认识肺炎。   医视频的微博视频 ,无,无,2020-01-01 21:44,微博云剪,4,1,0
InvQJiPvA,街拍美,1304494805,肺炎的症状及发病原因是什么，下面是大多数常见肺炎的发病机制，一起通过视频了解下  手足外科陈江海的微博视频 ,无,无,2020-01-01 21:42,街拍美定制Android,45,21,2
InvQwjbXj,武汉吃了冇,2410424073, 【：动物内脏散落街角，猫狗活猴明晃晃地卖】有网友称自己曾去过华南海鲜市场，“表面卖海鲜，深处除了待宰的猫狗，活蛇活鳖，各种野鸡，活蹦乱跳的土拨鼠，都在明晃晃地卖，梅花鹿、活猴之类的招牌也在明晃晃地挂……”记者走访发现，有遗弃的兔子头及动物内脏散落在市场西区六街角落。对于是否有野味卖的问题，摊主非常警惕。记者问哪里能买到野味，都说“往里走”。记者发现数名武汉市疾控中心工作人员身着便衣，手持一份名单，分头对商户招牌进行拍照。针对“是否是在对患者摊位进行排查”的提问，工作人员拒绝回答。,无,无,2020-01-01 21:41,无,340,14,50
InvQi8Fv3,紧急呼叫,1951123110,【：发病十多天曾以为是感冒】1月1日， 连线到目前正在医院中隔离治疗的黄勇（化名），他表示目前数十名患者都在一起进行治疗。黄勇称自己发病了十多天，一开始以为是感冒。另一患者家属梁丽（化名）告诉 ，患者被隔离治疗后还没被允许探望。 ,无,无,2020-01-01 21:41,微博 weibo.com,47,4,12
InvPYj9ws,东四省省宝,6337110044,不敢乱说，但如果真是私贩野味导致的群体性肺炎，武汉这帮二逼就别救了。 ,无,无,2020-01-01 21:40,HUAWEI nova手机,0,0,0
InvPso9X8,武汉达人会,2649375114,【】1月1日，武汉华南海鲜批发市场休市整治卫生。 走访市场周边药房发现口罩及板蓝根销售火爆，其中部分店铺出现断货的情况，“整个汉口这边所有的店，都已经告急了，包括板蓝根。这些是才从其他店调过来的。” 紧急呼叫的秒拍视频 ,无,无,2020-01-01 21:39,WeicoPro,6,3,2
InvOGyDtD,狙击手伍德,1154335272,【8名散布谣言者被依法查处】8名散布谣言者被依法查处 (分享自，澎湃APP下载>>澎湃新闻 ) ,无,无,2020-01-01 21:37,无,1,0,0
InvOGvLm4,金华身边事,1859661774,【】1月1日，湖北武汉。 走访市场周边药房发现口罩及板蓝根销售火爆，其中部分店铺出现断货的情况，“整个汉口这边所有的店，都已经告急了，包括板蓝根。这些是才从其他店调过来的。”   ,无,http://t.cn/RJqeWuH,2020-01-01 21:37,iPhone 8 Plus,13,4,5
InvO2FOQR,雪野彪狼,5482980621,,无,无,2020-01-01 21:35,百度App,0,0,0
InvNJqKRd,三秦青年,2241948204,【8名散布谣言者被查处,无,无,2020-01-01 21:34,无,2,1,0
InvNvx3QC,用户6102944599,6102944599,我免费围观了  的回答，问题价值 388.00 元，快来一起围观~ <br />微博问答:如何看待武汉发现不明原因肺炎？具体情况如何？ ,无,无,2020-01-01 21:34,微博 weibo.com,0,0,0
InvNaBJf2,幽罗唐太头,6650464643,我免费围观了  的回答，问题价值 388.00 元，快来一起围观~ <br />微博问答:如何看待武汉发现不明原因肺炎？具体情况如何？ ,无,无,2020-01-01 21:33,微博 weibo.com,0,0,0
InvN2zxkY,暴走的梨1314,5210347133,肺炎的症状及发病原因是什么，下面是大多数常见肺炎的发病机制，一起通过视频了解下 手足外科陈江海的微博视频 ,无,无,2020-01-01 21:33,皮皮时光机,1,0,0
InvN2lgQw,六安裕安检察,5121478758,【8人因网上散布“武汉病毒性肺炎”不实信息被依法处理】武汉市公安局1日通报称，日前一些关于“武汉病毒性肺炎”的不实信息在网络流传，公安部门对此进行了调查。目前，8人因散布不实信息，被警方依法处理。警方呼吁网民不造谣、不信谣、不传谣，共建和谐清朗的网络空间。  ,无,无,2020-01-01 21:33,iPhone客户端,4,0,2
InvM9Cxv6,茶壶煮三江,2869037532,我围观了 的回答，围观仅1元，快来一起围观~ <br />微博问答:如何看待武汉发现不明原因肺炎？具体情况如何？ ,无,无,2020-01-01 21:30,微博问答,0,0,0
InvLMyIZX,36氪,1750070171,【】1月1日， 通报：近期，武汉市部分医疗机构发现接诊了多例肺炎病例，市卫健委就此发布了情况通报。但一些网民在不经核实的情况下，在网络上发布、转发不实信息，造成不良社会影响。公安机关经调查核实，已传唤8名违法人员，并依法进行了处理。 ,无,无,2020-01-01 21:30,微博 weibo.com,80,5,19
InvLxw5WQ,贵州长安网,5038874347,【】湖北 通报：近期，我市部分医疗机构发现接诊多例肺炎病例，市卫健委就此发布通报。但一些网民在不经核实情况下，发布、转发不实信息，造成不良社会影响。公安机关已传唤8名违法人员，并依法进行处理。望广大网民遵守相关法律法规，不造谣、不信谣、不传谣。信口开河就造谣，谁知已是违法事，为时已晚很后悔，法律底线不容触。,无,无,2020-01-01 21:29,HUAWEI P20,1,0,0
InvLgpPEa,用户7295094406,7295094406,我在看：【事件已有8人因散布谣言被警方查处】  事件已有8人因散布谣言被警方查处 ,无,无,2020-01-01 21:28,新浪新闻客户端,0,0,0
InvKw15aB,小李飞刀再出发,1853103647,8名散布谣言者被查处 ,无,无,2020-01-01 21:26,mcc_mi,0,0,0
InvJOhtW7,广西普法,5662456428,【网络不是法外之地，冲浪需谨慎 】据武汉市公安局通报，近期，武汉市部分医疗机构发现接诊了多例肺炎病例，市卫健委就此发布了情况通报。但一些网民在不经核实的情况下，在网络上发布、转发不实信息，造成不良社会影响。公安机关经调查核实，已传唤8名违法人员，并依法进行了处理。警方提示，网络不是法外之地，在网上发布信息、言论应遵守法律法规，对于编造、传播、散布谣言，扰乱社会秩序的违法行为，警方将依法查处，绝不姑息。希望广大网民遵守相关法律法规，不造谣、不信谣、不传谣，共建和谐清朗的网络空间。（新京报）,无,无,2020-01-01 21:25,iPhone客户端,0,0,0
InvJEtxzR,抚州发布,3248241212,【疫情追踪：】1月1日，一则《关于休市整治的公告》出现在武汉华南海鲜批发市场门口，公告称决定对华南海鲜批发市场实行休市，进行环境卫生整治。2019年12月31日，武汉市卫健委发布通报称，该市近期部分医疗机构发现接诊的多例肺炎病例与华南海鲜城有关联，市卫健委接到报告后，立即在全市医疗卫生机构开展与华南海鲜城有关联的病例搜索和回顾性调查，目前已发现27例病例，其中7例病情严重，其余病例病情稳定可控，有2例病情好转拟于近期出院。所有病例已隔离治疗，调查未发现明显人传人现象。目前对病原的检测及感染原因的调查正在进行中。  ,无,http://t.cn/R2WxYwR,2020-01-01 21:24,vivo AI智慧拍照X21,3,2,0
InvJbx4hY,糊涂虫460,3478917064,分享网易新闻《8名散布“武汉不明原因肺炎”谣言者已被依法查处》8名散布“武汉不明原因肺炎”谣言者已被依法查处 来自  谣言查的快抓的也快，病情怎么还没有说法。 ,无,无,2020-01-01 21:23,网易新闻客户端,0,0,0
InvJ01eSb,凤凰网视频,1806128454,【疫情追踪：】1月1日，一则《关于休市整治的公告》出现在武汉华南海鲜批发市场门口，公告称决定对华南海鲜批发市场实行休市，进行环境卫生整治。2019年12月31日，武汉市卫健委发布通报称，该市近期部分医疗机构发现接诊的多例肺炎病例与华南海鲜城有关联，市卫健委接到报告后，立即在全市医疗卫生机构开展与华南海鲜城有关联的病例搜索和回顾性调查，目前已发现27例病例，其中7例病情严重，其余病例病情稳定可控，有2例病情好转拟于近期出院。所有病例已隔离治疗，调查未发现明显人传人现象。目前对病原的检测及感染原因的调查正在进行中。 ,无,无,2020-01-01 21:23,无,193,53,41
InvIS4jHf,宇宙路标ovo,3636187512,明天回家！再见就是三月啦东北虽好……可是不能在外面溜达……在户外待十分钟我就死了……不过好像最近武汉肺炎我也不能在外面一直溜达……,无,无,2020-01-01 21:22,iPhone客户端,5,0,0
InvIKlkUU,吾同19701102,3432802870,武汉发生不明原因肺炎。 华南海鲜批发市场休市整顿。8人网上散布谣言被处理。 ,无,无,2020-01-01 21:22,麦芒 8,0,0,0
InvIz768G,翟律师微博小秘叔,1374671804,执法机关越来越任性，言论边界不清晰，信息披露不透明不及时，以后难道大家都只能道路以目吗？ ,无,无,2020-01-01 21:22,三脚猫的iPhone客户端,30,2,8
InvIvijKx,裴哥谈医管,1705676097,【疫情尚未发现人传人现象 医院专家提醒防控 - 健康界】 -专家提醒，病毒性肺炎可防可控。 疫情尚未发现人传人现象 医院专家提醒防控 ,无,无,2020-01-01 21:21,无,1,0,0
InvIp5bgS,玉风乱弹5,6507815851,"8名散布“武汉不明原因肺炎”谣言者已被依法查处 8名散布“武汉不明原因肺炎”谣言者已被依法查处 肺炎,病毒,武汉市 （分享自 ）--明目张胆的造谣？！应该予以严惩！！！ 8名散布“武汉不明原因肺炎”谣言者已被依法查处 ",无,无,2020-01-01 21:21,网易新闻,7,2,4
InvHYsBj6,亦舸影视工作室,1166450007,武汉警方：8人散布不实消息 被依法处理 ,无,无,2020-01-01 21:20,iPhone客户端,0,0,0
InvHiypju,一个非典型天蝎座,2700245410, 把选择交给大家了哈哈出一张乐队的夏天武汉场580档的门票A503区不介意目前情况还未完全明确的可以来入如果没人要我就偷偷自己戴口罩去看了哈哈哈 ,无,无,2020-01-01 21:19,乐队的夏天超话,1,0,13
InvHgbYcJ,yaoweirenminfuwu,2237281374,我免费围观了  的回答，问题价值 388.00 元，快来一起围观~ <br />微博问答:如何看待武汉发现不明原因肺炎？具体情况如何？ ,无,无,2020-01-01 21:18,微博 weibo.com,0,0,0
InvGEBAlB,网易河南,2949898672,【】1月1日，湖北武汉华南海鲜批发市场休市整治卫生。 走访市场周边药房发现口罩及板蓝根销售火爆，其中部分店铺出现断货的情况，“整个汉口这边所有的店，都已经告急了，包括板蓝根。这些是才从其他店调过来的。”紧急呼叫的秒拍视频 ,无,无,2020-01-01 21:17,三星A60黑瞳全视屏,0,0,0
InvGzATNL,泾县法院,3956626024, 【8名散布谣言者被查处,无,无,2020-01-01 21:17,荣耀V10 我AI的快,3,2,4
InvGwmCsO,安徽捉谣记,3284362057, 【事件已有8人因散布谣言被警方查处】近期，武汉市部分医疗机构发现接诊了多例肺炎病例。一些网民在不经核实的情况下，在网络上发布、转发不实信息，造成不良社会影响。公安机关经调查核实，已传唤8名违法人员，并依法进行了处理。警方提示，网络不是法外之地，在网上发布信息、言论应遵守法律法规，对于编造、传播、散布谣言，扰乱社会秩序的违法行为，警方将依法查处，绝不姑息。,无,无,2020-01-01 21:17,iPhone客户端,3,0,0
InvGoq3Gl,鄠邑检察,5369958668,【8人因网上散布“武汉病毒性肺炎”不实信息被依法处理】武汉市公安局1日通报称，日前一些关于“武汉病毒性肺炎”的不实信息在网络流传，公安部门对此进行了调查。目前，8人因散布不实信息，被警方依法处理。警方呼吁网民不造谣、不信谣、不传谣，共建和谐清朗的网络空间。   ,无,无,2020-01-01 21:16,iPhone客户端,2,0,2
InvF85uCq,生吞一颗荔枝,1752296984,害，要求公布消息的一众人你们到底想听啥，公布的挺详细了啊，没有新的进展证明没有新的情况啊，要病毒那么好研究出对策清华校区得扩建到960万平方公里了，我，华佗武汉分佗。而且口罩没有脱销，我妈工作的药店还有很多，当然我让我妈买了两包回来，医用口罩是最合适的，棉布的基本只能凹造型。昨天回家没找到酒精，用花露水擦了一下手机包包，然后洗头洗澡，把外出衣物都扔洗衣机了。话说电热毯开多了是不是上火，我感觉我今天眼睛干的要往外喷火了，但是真的好冷啊。,无,无,2020-01-01 21:13,iPhone客户端,13,0,20
InvF34vpf,重庆晚报,1774259814,【8人因网上散布“武汉病毒性肺炎”不实信息被依法处理】武汉市公安局1日通报称，日前一些关于“武汉病毒性肺炎”的不实信息在网络流传，公安部门对此进行了调查。目前，8人因散布不实信息，被警方依法处理。　　据武汉警方通报，近期，武汉市部分医疗机构发现、接诊多例肺炎病例。武汉市卫健委就此发布了情况通报。但部分网民在不经核实的情况下，在网络上发布、转发不实信息，造成不良社会影响。公安机关经调查核实，已传唤8名违法人员，并依法进行了处理。　　武汉警方提示，在网上发布信息、言论应遵守法律法规。对于编造、传播、散布谣言，扰乱社会秩序的违法行为，警方将依法查处，绝不姑息。警方呼吁网民不造谣、不信谣、不传谣，共建和谐清朗的网络空间。（新华视点）,无,无,2020-01-01 21:13,微博 weibo.com,7,2,10
InvEIEmri,青县司法,5186265158,【散布不实消息 8人被警方依法查处】据武汉市公安局通报，近期，武汉市部分医疗机构发现接诊了多例肺炎病例，市卫健委就此发布了情况通报。但一些网民在不经核实的情况下，在网络上发布、转发不实信息，造成不良社会影响。公安机关经调查核实，已传唤8名违法人员，并依法进行了处理。警方提示，网络不是法外之地，在网上发布信息、言论应遵守法律法规，对于编造、传播、散布谣言，扰乱社会秩序的违法行为，警方将依法查处，绝不姑息。希望广大网民遵守相关法律法规，不造谣、不信谣、不传谣，共建和谐清朗的网络空间。 ,无,http://t.cn/R2Wxa6j,2020-01-01 21:12,nubia Z11 无边框手机,0,0,0
InvElje8m,检察日报,3183107112,【8人因网上散布“武汉病毒性肺炎”不实信息被依法处理】武汉市公安局1日通报称，日前一些关于“武汉病毒性肺炎”的不实信息在网络流传，公安部门对此进行了调查。目前，8人因散布不实信息，被警方依法处理。警方呼吁网民不造谣、不信谣、不传谣，共建和谐清朗的网络空间。 8人因网上散布“武汉病毒性肺炎”不实信息被依法处理 ,无,无,2020-01-01 21:11,微博 weibo.com,49,36,21
InvE9wc59,安庆天天直播,2232625672,【8人因网上散布“武汉病毒性肺炎”不实信息被依法处理】武汉市公安局1日通报称，日前一些关于“武汉病毒性肺炎”的不实信息在网络流传，公安部门对此进行了调查。目前，8人因散布不实信息，被警方依法处理。　　据武汉警方通报，近期，武汉市部分医疗机构发现、接诊多例肺炎病例。武汉市卫健委就此发布了情况通报。但部分网民在不经核实的情况下，在网络上发布、转发不实信息，造成不良社会影响。公安机关经调查核实，已传唤8名违法人员，并依法进行了处理。　　武汉警方提示，在网上发布信息、言论应遵守法律法规。对于编造、传播、散布谣言，扰乱社会秩序的违法行为，警方将依法查处，绝不姑息。警方呼吁网民不造谣、不信谣、不传谣，共建和谐清朗的网络空间。（记者廖君、冯国栋）,无,无,2020-01-01 21:11,nova5i 2400万AI四摄,1,0,0
InvDFDUz4,兰州交警指挥中心,5863565662,【科普一下：什么是肺炎？怎样预防？😷 】肺炎的症状及发病原因是什么？下面是大多数常见肺炎的发病机制，马住！一起通过视频让更多人知道！医视频的微博视频 ,无,无,2020-01-01 21:10,微博 weibo.com,1,3,0
InvDiitOh,长江云官方微博,1966715680,【8名散布谣言者被依法查处】近期，武汉市部分医疗机构发现接诊了多例肺炎病例，市卫健委就此发布了情况通报。但一些网民在不经核实的情况下，在网络上发布、转发不实信息，造成不良社会影响。公安机关经调查核实，已传唤8名违法人员，并依法进行了处理。警方提示，网络不是法外之地，在网上发布信息、言论应遵守法律法规，对于编造、传播、散布谣言，扰乱社会秩序的违法行为，警方将依法查处，绝不姑息。希望广大网民遵守相关法律法规，不造谣、不信谣、不传谣，共建和谐清朗的网络空间。,无,无,2020-01-01 21:09,Android,2,0,0
InvCkB8WK,山西政法,6008483913,,无,无,2020-01-01 21:06,iPhone客户端,5,7,3
InvCkjvqD,山东人菩萨转世,2242933847,【个股消息】温氏股份：董事长温志芬：2020年要将更多农民纳入温氏产业链条中广天择：澄清：2019年度MCN平台营收占比很小华大基因：网传检测报告并非来自华大基因两连板日出东方：公司业务及研发未涉及有关网红带货领域众应互联：回复深交所称：彩量科技与亿邦公司相关交易不存在信披违规情形国际实业：银行账户解除冻结,无,无,2020-01-01 21:06,360安全浏览器,1,0,0
InvBREU7B,明明敖,3200278574,学校周边口罩脱销，拿加多宝当板蓝根喝，不恐慌是不可能的！收获——2019！！2020，一切顺利,无,无,2020-01-01 21:05,坚果手机 Pro 2S,3,2,1
InvBCyLTI,如果的芯,6188007599,我在看：【事件已有8人因散布谣言被警方查处】  事件已有8人因散布谣言被警方查处 ,无,无,2020-01-01 21:05,新浪新闻客户端,0,0,0
InvAEjrRH,镇巴检察_,6277950933,【与病毒性肺炎有关联 】今日，武汉相关部门发出公告：“经研究，决定对华南海鲜批发市场实行休市，进行环境卫生整治。请广大商户积极配合，开市时间另行通知。”近期，武汉已发现27例病毒性肺炎病例，目前尚未发现明显人传人现象。  ,无,无,2020-01-01 21:02,OPPO A7x,1,0,2
InvAxvOfc,新京报,1644114654,【】1月1日，湖北武汉华南海鲜批发市场休市整治卫生。 走访市场周边药房发现口罩及板蓝根销售火爆，其中部分店铺出现断货的情况，“整个汉口这边所有的店，都已经告急了，包括板蓝根。这些是才从其他店调过来的。”紧急呼叫的秒拍视频 ,无,无,2020-01-01 21:02,微博 weibo.com,491,180,256
InvArBrMr,吉林日报,3242792887,【,无,无,2020-01-01 21:02,vivo Y3 闪充强续航,6,3,0
InvAq8LCE,宁夏反邪教,5902163482,【,无,无,2020-01-01 21:02,HUAWEI P10,2,1,0
InvAlnUlP,北京市第二中级人民法院,3949956132,散布涉肺炎谣言，8人被武汉警方查处散布涉肺炎谣言，8人被武汉警方查处 ,无,无,2020-01-01 21:01,Android,1,0,1
InvAkerPD,任平生日记,5611061334,武汉那边怎么样了？有当地的粉丝说一下具体情况吗 ,无,无,2020-01-01 21:01,微博 weibo.com,9,0,4
InvAj1SVW,浮梁发布,5177167708,【8人因网上散布“武汉病毒性肺炎”不实信息被依法处理】武汉市公安局1日通报称，日前一些关于“武汉病毒性肺炎”的不实信息在网络流传，公安部门对此进行了调查。目前，8人因散布不实信息，被警方依法处理。　　据武汉警方通报，近期，武汉市部分医疗机构发现、接诊多例肺炎病例。武汉市卫健委就此发布了情况通报。但部分网民在不经核实的情况下，在网络上发布、转发不实信息，造成不良社会影响。公安机关经调查核实，已传唤8名违法人员，并依法进行了处理。　　武汉警方提示，在网上发布信息、言论应遵守法律法规。对于编造、传播、散布谣言，扰乱社会秩序的违法行为，警方将依法查处，绝不姑息。警方呼吁网民不造谣、不信谣、不传谣，共建和谐清朗的网络空间。（记者廖君、冯国栋）,无,无,2020-01-01 21:01,iPhone客户端,1,0,0
InvzZvWf3,过眼云烟的小微,5041802892,我在看：【事件已有8人因散布谣言被警方查处】  事件已有8人因散布谣言被警方查处 ,无,无,2020-01-01 21:01,新浪新闻客户端,0,0,0
InvzV8LG3,summer-漫曼喜欢你,1270363062,不信谣不传谣！！！ ,无,无,2020-01-01 21:00,Android,0,0,0
InvzRxPcY,范湖人家,5674133423,《散布不实消息 8人被警方依法查处》新京报快讯、据武汉市公安局通报，近期，武汉市部分医疗机构发现接诊了多例肺炎病例，市卫健委就此发布了情况通报。 ,无,无,2020-01-01 21:00,iPhone客户端,0,0,0
InvzRx5Nx,盗目笔记,5801944783,武汉华南海鲜批发市场休市。湖北省武汉市卫健委消息，近期部分医疗机构发现接诊的多例肺炎病例与华南海鲜城有关联，目前已发现27例病例。1月1日，武汉市江汉区市场监督管理局、武汉市江汉区卫生健康局发出“关于休市整治的公告”。 ,无,无,2020-01-01 21:00,荣耀20,1,1,0
InvyPqVPk,燕赵都市报,1738004582,【8人因网上散布“武汉病毒性肺炎”不实信息被依法处理】武汉市公安局1日通报称，日前一些关于“武汉病毒性肺炎”的不实信息在网络流传，公安部门对此进行了调查。目前，8人因散布不实信息，被警方依法处理。　　据武汉警方通报，近期，武汉市部分医疗机构发现、接诊多例肺炎病例。武汉市卫健委就此发布了情况通报。但部分网民在不经核实的情况下，在网络上发布、转发不实信息，造成不良社会影响。公安机关经调查核实，已传唤8名违法人员，并依法进行了处理。　　武汉警方提示，在网上发布信息、言论应遵守法律法规。对于编造、传播、散布谣言，扰乱社会秩序的违法行为，警方将依法查处，绝不姑息。警方呼吁网民不造谣、不信谣、不传谣，共建和谐清朗的网络空间。（新华视点）,无,无,2020-01-01 20:58,360安全浏览器,7,0,3
InvyPpmrC,平安宝坻,3041416562,【散布不实消息 8人被警方依法查处】据武汉市公安局通报，近期，武汉市部分医疗机构发现接诊了多例肺炎病例，市卫健委就此发布了情况通报。但一些网民在不经核实的情况下，在网络上发布、转发不实信息，造成不良社会影响。公安机关经调查核实，已传唤8名违法人员，并依法进行了处理。警方提示，网络不是法外之地，在网上发布信息、言论应遵守法律法规，对于编造、传播、散布谣言，扰乱社会秩序的违法行为，警方将依法查处，绝不姑息。希望广大网民遵守相关法律法规，不造谣、不信谣、不传谣，共建和谐清朗的网络空间。（新京报）,无,无,2020-01-01 20:58,无,0,0,0
InvyEw6zR,芜湖检察,3818846748, 【8名散布谣言者被查处,无,无,2020-01-01 20:57,HUAWEI Mate 10,1,0,0
Invx97cEO,天桥法院,3672461257,【散布不实消息 8人被警方依法查处】据武汉市公安局通报，近期，武汉市部分医疗机构发现接诊了多例肺炎病例，市卫健委就此发布了情况通报。但一些网民在不经核实的情况下，在网络上发布、转发不实信息，造成不良社会影响。公安机关经调查核实，已传唤8名违法人员，并依法进行了处理。警方提示，网络不是法外之地，在网上发布信息、言论应遵守法律法规，对于编造、传播、散布谣言，扰乱社会秩序的违法行为，警方将依法查处，绝不姑息。希望广大网民遵守相关法律法规，不造谣、不信谣、不传谣，共建和谐清朗的网络空间。（新京报）,无,无,2020-01-01 20:53,iPhone X,5,3,7
InvwHDdKR,独行剑客无情刀,6864183263,转 //  《散布不实消息 8人被警方依法查处》  ,无,无,2020-01-01 20:52,天天快报,0,0,0
InvwGsdKi,乌有尚书,6992225964,我免费围观了  的回答，问题价值 388.00 元，快来一起围观~ <br />微博问答:如何看待武汉发现不明原因肺炎？具体情况如何？ ,无,无,2020-01-01 20:52,微博 weibo.com,0,0,0
InvvU1aNB,冬天DT9_965,3859195679,我在看：【事件已有8人因散布谣言被警方查处】  事件已有8人因散布谣言被警方查处 ,无,无,2020-01-01 20:50,新浪新闻客户端,0,0,0
Invv2eRRf,大河报,1734530730,【散布不实消息 8人被警方依法查处】 据武汉市公安局通报，近期，武汉市部分医疗机构发现接诊了多例肺炎病例，市卫健委就此发布了情况通报。但一些网民在不经核实的情况下，在网络上发布、转发不实信息，造成不良社会影响。公安机关经调查核实，已传唤8名违法人员，并依法进行了处理。警方提示，网络不是法外之地，在网上发布信息、言论应遵守法律法规，对于编造、传播、散布谣言，扰乱社会秩序的违法行为，警方将依法查处，绝不姑息。希望广大网民遵守相关法律法规，不造谣、不信谣、不传谣，共建和谐清朗的网络空间。,无,无,2020-01-01 20:48,微博 weibo.com,12,7,8
InvuzgZCm,汕头林古雪,3361035650,警方通报｜8名散布谣言者被警方依法查处 ,无,无,2020-01-01 20:47,汕头新闻超话,0,0,0
Invuqp2KU,陆地旱海豚,2712144593,《散布不实消息 8人被警方依法查处》新京报快讯、据武汉市公安局通报，近期，武汉市部分医疗机构发现接诊了多例肺炎病例，市卫健委就此发布了情况通报。 ,无,无,2020-01-01 20:47,百度App,0,0,0
Invulmqao,石家庄微服务,5960916876,【最新追踪！武汉 与病毒性肺炎有关联】1月1日，武汉相关部门发出公告：“经研究，决定对华南海鲜批发市场实行休市，进行环境卫生整治。请广大商户积极配合，开市时间另行通知。”2019年12月30日起，武汉市最大的海鲜批发市场华南海鲜批发市场陆续出现不明原因肺炎病人，根据当地卫健委最新披露，7人病情严重。绝大多数患者出自华南海鲜市场，目前尚未发现明显人传人现象。（燃新闻）,无,无,2020-01-01 20:47,nova5Pro人像超级夜景,3,0,1
InvudqXaH,陕西检察,5182805750,【8人因网上散布“武汉病毒性肺炎”不实信息被依法处理】武汉市公安局1日通报称，日前一些关于“武汉病毒性肺炎”的不实信息在网络流传，公安部门对此进行了调查。目前，8人因散布不实信息，被警方依法处理。（新华视点） 8人因网上散布“武汉病毒性肺炎”不实信息被依法处理 ,无,无,2020-01-01 20:46,iPhone客户端,4,8,2
Invu4vE1o,青春十堰,2868216344,【8名散布谣言者被查处,无,无,2020-01-01 20:46,iPhone客户端,0,1,0
Invu2taIX,安徽妇联,7316938534, 【散布不实消息 8人被警方依法查处】近期，武汉市部分医疗机构发现接诊了多例肺炎病例，市卫健委就此发布了情况通报。但一些网民在不经核实的情况下，在网络上发布、转发不实信息，造成不良社会影响。公安机关经调查核实，已传唤8名违法人员，并依法进行了处理。警方提示，网络不是法外之地，在网上发布信息、言论应遵守法律法规，对于编造、传播、散布谣言，扰乱社会秩序的违法行为，警方将依法查处，绝不姑息。希望广大网民遵守相关法律法规，不造谣、不信谣、不传谣，共建和谐清朗的网络空间。,无,无,2020-01-01 20:46,小米9 Pro 5G,1,0,0
InvtJy8x3,用户tx76y77gyv,5015081731,《散布不实消息 8人被警方依法查处》新京报快讯、据武汉市公安局通报，近期，武汉市部分医疗机构发现接诊了多例肺炎病例，市卫健委就此发布了情况通报。 ,无,无,2020-01-01 20:45,百度App,0,0,0
Invta8gsT,新华视点,1699432410,【8人因网上散布“武汉病毒性肺炎”不实信息被依法处理】武汉市公安局1日通报称，日前一些关于“武汉病毒性肺炎”的不实信息在网络流传，公安部门对此进行了调查。目前，8人因散布不实信息，被警方依法处理。　　据武汉警方通报，近期，武汉市部分医疗机构发现、接诊多例肺炎病例。武汉市卫健委就此发布了情况通报。但部分网民在不经核实的情况下，在网络上发布、转发不实信息，造成不良社会影响。公安机关经调查核实，已传唤8名违法人员，并依法进行了处理。　　武汉警方提示，在网上发布信息、言论应遵守法律法规。对于编造、传播、散布谣言，扰乱社会秩序的违法行为，警方将依法查处，绝不姑息。警方呼吁网民不造谣、不信谣、不传谣，共建和谐清朗的网络空间。（记者廖君、冯国栋）,无,无,2020-01-01 20:44,微博 weibo.com,484,248,566
Invt82cl0,军威长风,2622931881,8名散布谣言者被依法查处 8名散布谣言者被依法查处 ,无,无,2020-01-01 20:44,分享按钮,0,0,0
InvsSFWJL,CcMps55555,6619269690,转 //  《关于疫情，你最关心的5个问题都有答案了！》  ,无,无,2020-01-01 20:43,天天快报,0,0,0
InvsD2Bpn,用户6326487568,6326487568,《散布不实消息 8人被警方依法查处》新京报快讯、据武汉市公安局通报，近期，武汉市部分医疗机构发现接诊了多例肺炎病例，市卫健委就此发布了情况通报。 ,无,无,2020-01-01 20:42,百度App,0,0,0
InvqO8ZUp,瀚海鸿洋MayHower,6362931529, 散布不实消息 8人被警方依法查处散布不实消息 8人被警方依法查处 来自 ,无,无,2020-01-01 20:38,腾讯新闻客户端,0,0,0
InvqL9Kg5,黎教头,1481638480, 散布不实消息 ，8人被警方依法查处！散布不实消息 8人被警方依法查处 来自 ,无,无,2020-01-01 20:38,腾讯新闻客户端,29,15,8
Invq4B4XQ,云中雨燕52427,7231129878,不传谣，不信谣，相信政府，遵纪守法。《散布武汉肺炎不实消息 8人被警方依法查处》新京报快讯、据武汉市公安局通报，近期，武汉市部分医疗机构发现接诊了多例肺炎病例，市卫健委就此发布了情况通报。 ,无,无,2020-01-01 20:36,iPhone客户端,0,0,0
InvpG66nm,新浪湖北健康频道,2049435632, 【】1月1日，湖北武汉华南海鲜批发市场休市整治卫生。 走访市场周边药房发现口罩及板蓝根销售火爆，其中部分店铺出现断货的情况，“整个汉口这边所有的店，都已经告急了，包括板蓝根。这些是才从其他店调过来的。”   ,无,无,2020-01-01 20:35,iPhone X,3,0,1
Invp6lDJX,新浪湖北,2049389352,【】1月1日，武汉华南海鲜批发市场休市整治卫生。 走访市场周边药房发现口罩及板蓝根销售火爆，其中部分店铺出现断货的情况，“整个汉口这边所有的店，都已经告急了，包括板蓝根。这些是才从其他店调过来的。” ,无,无,2020-01-01 20:34,WeicoPro,7,1,5
InvoOkXAw,武汉辣点事,6437892299,【】1月1日，湖北武汉华南海鲜批发市场休市整治卫生。 走访市场周边药房发现口罩及板蓝根销售火爆，其中部分店铺出现断货的情况，“整个汉口这边所有的店，都已经告急了，包括板蓝根。这些是才从其他店调过来的。”紧急呼叫的秒拍视频 ,无,无,2020-01-01 20:33,微博国际版,2,0,1
Invo6yFR0,兔子君的糖,5446879192,我围观了 的回答，围观仅1元，快来一起围观~ <br />微博问答:如何看待武汉发现不明原因肺炎？具体情况如何？ ,无,无,2020-01-01 20:31,微博问答,0,0,0
Invo07AUv,古镇珠山发布,5178570128,【科普一下：什么是肺炎？怎样预防？😷 】肺炎的症状及发病原因是什么？下面是大多数常见肺炎的发病机制，马住！一起通过视频让更多人知道！医视频的微博视频 ,无,无,2020-01-01 20:31,荣耀20,5,1,1
Invn7qXgF,紫光阁,5467852665,【8名散布谣言者被查处,无,无,2020-01-01 20:29,紫宝宝的Android,757,99,188
InvmVA07s,为求一公,1760525832,【武汉警方：8人散布不实消息 被依法处理】近期，武汉市部分医疗机构发现接诊了多例肺炎病例，一些网民在不经核实的情况下，在网络上发布、转发有关肺炎病例不实信息，造成不良社会影响。公安机关经调查核实，已传唤8名违法人员，并依法进行了处理。  ,无,无,2020-01-01 20:28,人民日报客户端,0,0,0
InvmVhjWi,河南交通广播,1732802301,【】1日 通报：近期，我市部分医疗机构发现接诊多例肺炎病例，市卫健委就此发布通报。但一些网民在不经核实情况下，发布、转发不实信息，造成不良社会影响。公安机关已传唤8名违法人员，并依法进行处理。望广大网民遵守相关法律法规，不造谣、不信谣、不传谣。 （中国新闻网）,无,无,2020-01-01 20:28,无,3,0,0
InvlYuURG,微博兰州,3606844282,【科普一下：什么是肺炎？怎样预防？😷 】肺炎的症状及发病原因是什么？下面是大多数常见肺炎的发病机制，马住！一起通过视频让更多人知道！医视频的微博视频 ,无,无,2020-01-01 20:26,OPPO智能手机,6,3,0
InvluleCs,浮梁发布,5177167708,【科普一下：什么是肺炎？怎样预防？😷 】肺炎的症状及发病原因是什么？下面是大多数常见肺炎的发病机制，马住！一起通过视频让更多人知道！ 医视频的微博视频 ,无,无,2020-01-01 20:25,iPhone客户端,5,0,0
InvlldPcD,苇城春秋,2447539031,疫情追踪：华南海鲜市场休市整治 现场只有检疫人员进入新京报动新闻的秒拍视频（ ） ,无,无,2020-01-01 20:24,秒拍客户端,2,0,0
InvktoBba,nanpohao,5682207306,我免费围观了  的回答，问题价值 388.00 元，快来一起围观~ <br />微博问答:如何看待武汉发现不明原因肺炎？具体情况如何？ ,无,无,2020-01-01 20:22,微博 weibo.com,0,0,0
InvkoFe3i,河南法制报,1479040710,【】 通报：近期，武汉市部分医疗机构发现接诊多例肺炎病例，市卫健委就此发布通报。但一些网民在不经核实情况下，发布、转发不实信息，造成不良社会影响。公安机关已传唤8名违法人员，并依法进行处理。望广大网民遵守相关法律法规，不造谣、不信谣、不传谣。 ⑥,无,无,2020-01-01 20:22,HUAWEI Mate 10,0,0,0
Invk2wrZE,手机用户2925718585,2925718585,转 //  《散布不实消息 8人被警方依法查处》  ,无,无,2020-01-01 20:21,天天快报,0,0,0
InvjpgJYk,顾美人溪兮,2008948937,今天，我还点了外卖，我还跑出去吃，，，我真是心大。。。。 ,无,无,2020-01-01 20:20,荣耀 9X PRO,3,0,6
InvjnsF7b,失忆的Lee,6281085230,央行元旦送大礼全面降准0、5%，大概释放8000亿。突然放水，肯定是利好。近期武汉发现不明原因肺炎，所以医药及相关行业特别是抗生素的股。还会再走吧，医药行业。持股待涨后年前看情况减仓。 ,无,无,2020-01-01 20:20,iPhone客户端,2,1,3
Invj7bAxv,黄冈周边事,2443957053,【武汉发现不明原因肺炎追踪：】12月30日起，武汉市最大的海鲜批发市场华南海鲜批发市场陆续出现不明原因肺炎病人，根据当地卫健委最新披露，7人病情严重，绝大多数患者出自华南海鲜市场。2020年第一天，《每日经济新闻》记者现场采访了解到，海鲜市场从今日起休市整治。 ,无,无,2020-01-01 20:19,无,7,4,2
InviI69qo,河南网信,5367034453,【】 通报：近期，我市部分医疗机构发现接诊多例肺炎病例，市卫健委就此发布通报。但一些网民在不经核实情况下，发布、转发不实信息，造成不良社会影响。公安机关已传唤8名违法人员，并依法进行处理。望广大网民遵守相关法律法规，不造谣、不信谣、不传谣。 ,无,无,2020-01-01 20:18,小米MIX 3 滑盖全面屏,0,1,1
InvinFSpx,萧山日报,1760203754,【】1月1日，湖北武汉。 走访市场周边药房发现口罩及板蓝根销售火爆，其中部分店铺出现断货的情况，“整个汉口这边所有的店，都已经告急了，包括板蓝根。这些是才从其他店调过来的。”  ,无,无,2020-01-01 20:17,iPhone 11 Pro Max,1,1,1
InvikpIAm,爱与恩,1369478193,分享网易新闻《8名散布“武汉不明原因肺炎”谣言者已被依法查处》8名散布“武汉不明原因肺炎”谣言者已被依法查处 来自  ,无,无,2020-01-01 20:17,网易新闻客户端,0,0,0
InvhUpYLj,丶长空灬,5553865995,8名散布谣言者被依法查处   ,无,无,2020-01-01 20:16,央视新闻,0,0,0
InvhTi1lX,以星河为聘68878,7365766205, 九江·武宁县 ,无,#武汉发现不明原因肺炎#,2020-01-01 20:16,全屏双摄 OPPO A5,0,0,0
Invh2oOB4,沈阳日报,1058106635,【】1月1日，湖北武汉华南海鲜批发市场休市整治卫生。 走访市场周边药房发现口罩及板蓝根销售火爆，其中部分店铺出现断货的情况，“整个汉口这边所有的店，都已经告急了，包括板蓝根。这些是才从其他店调过来的。”紧急呼叫的秒拍视频 ,无,无,2020-01-01 20:14,iPhone 7 Plus,0,0,1
InvgU8sxk,旅行健康网,2294234882,【武汉市卫健委通报肺炎疫情：未发现明显人传人现象】 据31日中午武汉市卫健委关于肺炎疫情的情况通报，近期部分医疗机构发现接诊的多例肺炎病例与华南海鲜城有关联，武汉市卫健委接到报告后，立即在全市医疗卫生机构开展与华南海鲜城有关联的病例搜索和回顾性调查，目前已发现27例病例，其中7例病情严重，其余病例病情稳定可控，有2例病情好转拟于近期出院。病例临床表现主要为发热，少数病人呼吸困难，胸片呈双肺浸润性病灶。目前，所有病例均已隔离治疗，密切接触者的追踪调查和医学观察正在进行中，对华南海鲜城的卫生学调查和环境卫生处置正在进行中。 武汉市组织同济医院、湖北省疾控中心、中科院武汉病毒所、武汉市传染病医院及武汉市疾控中心等单位的临床医学、流行病学、病毒学专家进行会诊，专家从病情、治疗转归、流行病学调查、实验室初步检测等方面情况分析认为上述病例系病毒性肺炎。到目前为止调查未发现明显人传人现象，未发现医务人员感染。目前对病原的检测及感染原因的调查正在进行中。病毒性肺炎多见于冬春季，可散发或暴发流行，临床主要表现为发热、浑身酸痛、少部分有呼吸困难，肺部浸润影。病毒性肺炎与病毒的毒力、感染途径以及宿主的年龄、免疫状态有关。引起病毒性肺炎的病毒以流行性感冒病毒为常见，其他为副流感病毒、巨细胞病毒、腺病毒、鼻病毒、冠状病毒等。确诊则有赖于病原学检查，包括病毒分离、血清学检查以及病毒抗原及核酸检测。该病可防可控，预防上保持室内空气流通，避免到封闭、空气不流通的公众场合和人多集中地方，外出可佩戴口罩。临床以对症治疗为主，需卧床休息。如有上述症状，特别是持续发热不退，要及时到医疗机构就诊。来源： ITHC.CN,无,无,2020-01-01 20:13,前后2000万 OPPO R11s,1,0,1
InvgyuJ7W,绍兴晚报,2594829140,【】 通报：近期，我市部分医疗机构发现接诊多例肺炎病例，市卫健委就此发布通报。但一些网民在不经核实情况下，发布、转发不实信息，造成不良社会影响。公安机关已传唤8名违法人员，并依法进行处理。望广大网民遵守相关法律法规，不造谣、不信谣、不传谣。 ,无,无,2020-01-01 20:13,iPhone客户端,1,0,0
InvgkjXLg,羊城晚报金羊网,2131593523,【】1日 通报：近期，我市部分医疗机构发现接诊多例肺炎病例，市卫健委就此发布通报。但一些网民在不经核实情况下，发布、转发不实信息，造成不良社会影响。公安机关已传唤8名违法人员，并依法进行处理。望广大网民遵守相关法律法规，不造谣、不信谣、不传谣。  ,无,无,2020-01-01 20:12,360安全浏览器,0,0,0
Invg73ONs,audbe_jgdpm548,2729743400, 散布不实消息 8人被警方依法查处散布不实消息 8人被警方依法查处 来自 ,无,无,2020-01-01 20:12,腾讯新闻客户端,0,0,0
Invg5AUw0,龙在天涯8333,3535396574,据武汉市公安局通报，近期，武汉市部分医疗机构发现接诊了多例肺炎病例，市卫健委就此发布了情况通报。但一些网民在不经核实的情况下，在网络上发布、转发不实信息，造成不良社会影响。公安机关经调查核实，已传唤8名违法人员，并依法进行了处理。警方提示，网络不是法外之地，在网上发布信息、言论应遵守法律法规，对于编造、传播、散布谣言，扰乱社会秩序的违法行为，警方将依法查处，绝不姑息。希望广大网民遵守相关法律法规，不造谣、不信谣、不传谣，共建和谐清朗的网络空！《散布武汉肺炎不实消息 8人被警方依法查处》新京报快讯、据武汉市公安局通报，近期，武汉市部分医疗机构发现接诊了多例肺炎病例，市卫健委就此发布了情况通报。,无,无,2020-01-01 20:11,百度App,3,0,0
InvfNfboL,来点石锤,7283364547,据 消息，一些网民在不经核实的情况下，在网络上发布、转发关于的不实信息，已被传唤并依法处理。网友：不长脑子，就长教训。,无,无,2020-01-01 20:11,360安全浏览器,14,1,9
InvfHD3La,岱岳检察,5556498726,【】1月1日， 通报：近期，武汉市部分医疗机构发现接诊了多例肺炎病例，市卫健委就此发布了情况通报。但一些网民在不经核实的情况下，在网络上发布、转发不实信息，造成不良社会影响。公安机关经调查核实，已传唤8名违法人员，并依法进行了处理。 ,无,无,2020-01-01 20:11,iPhone客户端,0,0,0
Invfk0u4D,今晚报,1960785875,【】1日 通报：近期，我市部分医疗机构发现接诊多例肺炎病例，市卫健委就此发布通报。但一些网民在不经核实情况下，发布、转发不实信息，造成不良社会影响。公安机关已传唤8名违法人员，并依法进行处理。望广大网民遵守相关法律法规，不造谣、不信谣、不传谣。 （中国新闻网）,无,无,2020-01-01 20:10,微博 weibo.com,14,6,6
Invfddnnc,任平生日记,5611061334,【】1月1日，湖北武汉。 走访市场周边药房发现口罩及板蓝根销售火爆，其中部分店铺出现断货的情况，“整个汉口这边所有的店，都已经告急了，包括板蓝根。这些是才从其他店调过来的。” 紧急呼叫的秒拍视频 ,无,无,2020-01-01 20:09,微博 weibo.com,5,2,1
InveR3VNP,Frank-Hu_,2054385347,分享网易新闻《详细解读 | 武汉不明原因肺炎》详细解读 | 武汉不明原因肺炎 来自  ,无,无,2020-01-01 20:08,网易新闻客户端,0,0,0
InveIs9M9,听个事儿,1460885433,【最新追踪！武汉 与病毒性肺炎有关联】1月1日，武汉相关部门发出公告：“经研究，决定对华南海鲜批发市场实行休市，进行环境卫生整治。请广大商户积极配合，开市时间另行通知。”2019年12月30日起，武汉市最大的海鲜批发市场华南海鲜批发市场陆续出现不明原因肺炎病人，根据当地卫健委最新披露，7人病情严重。绝大多数患者出自华南海鲜市场，目前尚未发现明显人传人现象。（燃新闻）,无,无,2020-01-01 20:08,都是新鲜事Android,0,0,2
InveB5bQP,人民网安徽频道,3215153127,【】 通报：近期，我市部分医疗机构发现接诊多例肺炎病例，市卫健委就此发布通报。但一些网民在不经核实情况下，发布、转发不实信息，造成不良社会影响。公安机关已传唤8名违法人员，并依法进行处理。望广大网民遵守相关法律法规，不造谣、不信谣、不传谣。 ,无,无,2020-01-01 20:08,360安全浏览器,1,0,0
InvepyctA,兰州检察,5132141734, 【与病毒性肺炎有关联 】今日，武汉相关部门发出公告 ：“经研究，决定对华南海鲜批发市场实行休市，进行环境卫生整治。请广大商户积极配合，开市时间另行通知。”近期，武汉已发现27例病毒性肺炎病例，目前尚未发现明显人传人现象。  ,无,无,2020-01-01 20:07,HUAWEI Mate 20,2,1,0
InvdIFfDw,江苏检察在线,3900019299,【散布不实消息 8人被警方依法查处】据 通报，近期，武汉市部分医疗机构发现接诊了多例肺炎病例，市卫健委就此发布了情况通报。但一些网民在不经核实的情况下，在网络上发布、转发不实信息，造成不良社会影响。公安机关经调查核实，已传唤8名违法人员，并依法进行了处理。警方提示，网络不是法外之地，在网上发布信息、言论应遵守法律法规，对于编造、传播、散布谣言，扰乱社会秩序的违法行为，警方将依法查处，绝不姑息。希望广大网民遵守相关法律法规，不造谣、不信谣、不传谣，共建和谐清朗的网络空间。,无,无,2020-01-01 20:06,微博 weibo.com,5,4,12
InvcNFv6j,环保蜘蛛侠_785,2078852691,疫情涉事市场休市 动物内脏曾散落街角_手机新浪网  武汉新冠肺炎疫情涉事市场休市 动物内脏曾散落街角 ,无,无,2020-01-01 20:03,手机新浪网,0,0,0
InvcDmlxn,序9791,1117582667,我免费围观了  的回答，问题价值 388.00 元，快来一起围观~ <br />微博问答:如何看待武汉发现不明原因肺炎？具体情况如何？ ,无,无,2020-01-01 20:03,微博 weibo.com,0,0,0
InvcuaThG,怎么玩都可以,2995572545,《散布不实消息 8人被警方依法查处》新京报快讯、据武汉市公安局通报，近期，武汉市部分医疗机构发现接诊了多例肺炎病例，市卫健委就此发布了情况通报。 ,无,无,2020-01-01 20:03,百度App,0,0,0
InvciDJFO,武汉小广播,3950784300,【疫情，8名散布谣言者被依法查处】近期，武汉部分医疗机构发现接诊了多例肺炎病例，市卫健委就此发布了情况通报。但一些网民在不经核实的情况下，在网络上发布、转发不实信息，造成不良社会影响。公安机关经调查核实，已传唤8名违法人员，并依法进行了处理。 ,无,无,2020-01-01 20:02,iPhone X,1,0,0
InvcaDqdW,合肥经开公安,6624113670,【散布不实消息 8人被警方依法查处】据武汉市公安局通报，近期，武汉市部分医疗机构发现接诊了多例肺炎病例，市卫健委就此发布了情况通报。但一些网民在不经核实的情况下，在网络上发布、转发不实信息，造成不良社会影响。公安机关经调查核实，已传唤8名违法人员，并依法进行了处理。警方提示，网络不是法外之地，在网上发布信息、言论应遵守法律法规，对于编造、传播、散布谣言，扰乱社会秩序的违法行为，警方将依法查处，绝不姑息。希望广大网民遵守相关法律法规，不造谣、不信谣、不传谣，共建和谐清朗的网络空间。（新京报） ,无,http://t.cn/Rpznhok,2020-01-01 20:02,HUAWEI Mate 9,1,0,0
Invbs3m1h,武汉高校微博,5340255143,【疫情，8名散布谣言者被依法查处】近期，武汉部分医疗机构发现接诊了多例肺炎病例，市卫健委就此发布了情况通报。但一些网民在不经核实的情况下，在网络上发布、转发不实信息，造成不良社会影响。公安机关经调查核实，已传唤8名违法人员，并依法进行了处理。 ,无,无,2020-01-01 20:00,iPhone客户端,1,0,0
Invblwugh,趋势之王168,2810192342,8名散布谣言者被依法查处8名散布谣言者被依法查处 ,无,无,2020-01-01 20:00,微博 weibo.com,0,0,0
InvbggObf,南国今报,1315590387,【与病毒性肺炎有关联 】今日，武汉相关部门发出公告：“经研究，决定对华南海鲜批发市场实行休市，进行环境卫生整治。请广大商户积极配合，开市时间另行通知。”近期，武汉已发现27例病毒性肺炎病例，目前尚未发现明显人传人现象。（央视记者） ,无,无,2020-01-01 20:00,微博 weibo.com,3,1,1
Invber3ef,ProudQueenJSM,2122912325, 我只想知道武汉不明原因肺炎到底什么时候能核实清楚，希望官方尽早出通知，消息无论好坏都据实及时公布，不要隐瞒拖延。快过年了，马上就春运了，希望每个都能平平安安！ ,无,无,2020-01-01 20:00,小米5X 拍人更美,0,0,0
Invakjsx3,南昌网警巡查执法,5610795619, 【】         通报：近期，我市部分医疗机构发现接诊多例肺炎病例，市卫健委就此发布通报。但一些网民在不经核实情况下，发布、转发不实信息，造成不良社会影响。公安机关已传唤8名违法人员，并依法进行处理。望广大网民遵守相关法律法规，不造谣、不信谣、不传谣。,无,无,2020-01-01 19:57,微博 weibo.com,0,0,0
Inv9Da4dY,蜀山检察,3425978930,关于疫情，8名散布谣言者被依法查处长江云  武汉市公安局官方微博发布消息称关于当前武汉市肺炎疫情的情况8名散布谣言者被依法查处近期，我市部分医疗机构发现接诊了多例肺炎病例，市卫健委就此发布了情况通报。但一些网民在不经核实的情况下，在网络上发布，转发不实信息，造成不良社会影响。公安机关经调查核实，已传唤8名违法人员，并依法进行了处理。警方提示，网络不是法外之地，在网上发布信息，言论应遵守法律法规，对于编造、传播、散布谣言，扰乱社会秩序的违法行为，警方将依法查处，绝不姑息。希望广大网民遵守相关法律法规，不造谣、不信谣、不传谣，共建和谐清朗的网络空间。,无,无,2020-01-01 19:56,OPPO Reno 10倍变焦版,0,0,0
Inv99jl6r,安宁检察,3413019662,【,无,无,2020-01-01 19:54,iPhone 8 Plus,4,0,2
Inv96mRwz,韩城法院,3725696512,【散布不实消息 8人被警方依法查处】据武汉市公安局通报，近期，武汉市部分医疗机构发现接诊了多例肺炎病例，市卫健委就此发布了情况通报。但一些网民在不经核实的情况下，在网络上发布、转发不实信息，造成不良社会影响。公安机关经调查核实，已传唤8名违法人员，并依法进行了处理。警方提示，网络不是法外之地，在网上发布信息、言论应遵守法律法规，对于编造、传播、散布谣言，扰乱社会秩序的违法行为，警方将依法查处，绝不姑息。希望广大网民遵守相关法律法规，不造谣、不信谣、不传谣，共建和谐清朗的网络空间。（新京报） ,无,http://t.cn/z8AfY68,2020-01-01 19:54,iPhone客户端,1,0,0
Inv91lY1y,攀枝花晚报,3815441527,【】 通报：近期，我市部分医疗机构发现接诊多例肺炎病例，市卫健委就此发布通报。但一些网民在不经核实情况下，发布、转发不实信息，造成不良社会影响。公安机关已传唤8名违法人员，并依法进行处理。望广大网民遵守相关法律法规，不造谣、不信谣、不传谣。 ,无,无,2020-01-01 19:54,微博 weibo.com,0,0,0
Inv8EhAsn,蘑菇斋主,1740624537, 散布不实消息 8人被警方依法查处散布不实消息 8人被警方依法查处 来自 为什么总是拿老百姓问罪？ ,无,无,2020-01-01 19:53,腾讯新闻客户端,0,1,0
Inv8yFAXj,惠淘馆-蓝调,6095617729,人之所以累，是因常徘徊在坚持和放弃之间；人之所以烦恼，是因记忆太多没有学会遗忘；人之所以痛苦，是因追求太多舍不得放下；人之所以不快乐，是因太在意太计较。人应勇于放弃，敢于坚持；记住该记住的，忘记该忘记的，改变能改变的，适应不能改变的。追求不到 公：sou860 「大补贴」 ,无,无,2020-01-01 19:53,sou280,0,0,0
Inv8vpuGJ,阳光3268743821,3268743821,"医院这种做法对吗？能担当这个神圣的称号吗（白衣天使，救死扶伤）请大家来吐槽.今天中午我岳父在家突然晕倒，送到武汉市第二医院南京路院区挂急诊检查结果是：甲型流感和肺炎，需要住院治疗如是我们就去门诊办理住院手续，被告知无床位；并开了住院单让我们去后湖分院试试。下午16:30我们赶到武汉中心医院后湖分院；这次我们没有先去找医生办理住院，直接去各病房看看有没有空床位，发现有多个病房都有空床位后，这才去找医生办理住院手续，医生看完南京路院区的检查结果后，出乎意料的告诉我们医院没床位不收病人；这不是睁着眼睛眼睛说瞎话，明明很多空床却说没床，我们就和医生理论，医生理直气壮说现在医院都不收这种病人的，要不你去投诉我，瞬间我觉得好无助.从古至今,医师的使命都是治病救人、救死扶伤。把医师比作“白衣天使”,不仅蕴涵着人们对医师的期望和要求,也承载着社会赋予医师的神圣使命。难道这种将病人拒之门外的做法符合这个称号下图是在病房看到的空床位",无,无,2020-01-01 19:53,iPhone客户端,98,4,36
Inv86kjHA,紧急呼叫,1951123110,【】1月1日，湖北武汉。 走访市场周边药房发现口罩及板蓝根销售火爆，其中部分店铺出现断货的情况，“整个汉口这边所有的店，都已经告急了，包括板蓝根。这些是才从其他店调过来的。” 紧急呼叫的秒拍视频 ,无,无,2020-01-01 19:52,微博 weibo.com,28,4,14
Inv833Zig,天涯第一客,1890905605,分享网易新闻《8名散布“武汉不明原因肺炎”谣言者已被依法查处》8名散布“武汉不明原因肺炎”谣言者已被依法查处 来自  正面及时地回答舆情疑问才是王道。 ,无,无,2020-01-01 19:52,网易新闻客户端,1,0,0
Inv6Z9BRh,船到山前必然直,5949526462,本来想来一个一个人的旅行，结果武汉的肺炎阻挡了我,无,无,2020-01-01 19:49,iPhone客户端,0,0,0
Inv6CokBz,啊曼浪花,1637795445,转 //  《武汉不明原因肺炎，政府出手了》  ,无,无,2020-01-01 19:48,天天快报,0,0,0
Inv6wvB5G,咸宁大小事爆料,1888781280,真相永远是真相，谣言永远是谣言，管好自已的嘴，做好自已的事，祸从口出。 正能量永远是正能量，正义也永远是正义，杜绝谣言，净化网络，人人有责！ ,无,无,2020-01-01 19:48,说真话知真相超话,23,4,19
Inv6p8zaL,_ZINING,2164950081,《散布不实消息 8人被警方依法查处》新京报快讯、据武汉市公安局通报，近期，武汉市部分医疗机构发现接诊了多例肺炎病例，市卫健委就此发布了情况通报。 ,无,无,2020-01-01 19:48,百度App,0,0,0
Inv6hali3,嘉善老顾,1459272740,【热点关注】 发布通报， ,无,无,2020-01-01 19:47,360安全浏览器,6,8,7
Inv64sr7D,南京模范马路社区,3856971010,据武汉市公安局通报，近期，武汉市部分医疗机构发现接诊了多例肺炎病例，市卫健委就此发布了情况通报。但一些网民在不经核实的情况下，在网络上发布、转发不实信息，造成不良社会影响。公安机关经调查核实，已传唤8名违法人员，并依法进行了处理。警方提示，网络不是法外之地，在网上发布信息、言论应遵守法律法规，对于编造、传播、散布谣言，扰乱社会秩序的违法行为，警方将依法查处，绝不姑息。希望广大网民遵守相关法律法规，不造谣、不信谣、不传谣，共建和谐清朗的网络空间,无,无,2020-01-01 19:47,iPhone客户端,0,0,0
Inv4Ysm5R,南京广播电视台,2663751563,【散布不实消息 8人被警方依法查处】据武汉市公安局通报，近期，武汉市部分医疗机构发现接诊了多例肺炎病例，市卫健委就此发布了情况通报。但一些网民在不经核实的情况下，在网络上发布、转发不实信息，造成不良社会影响。公安机关经调查核实，已传唤8名违法人员，并依法进行了处理。警方提示，网络不是法外之地，在网上发布信息、言论应遵守法律法规，对于编造、传播、散布谣言，扰乱社会秩序的违法行为，警方将依法查处，绝不姑息。希望广大网民遵守相关法律法规，不造谣、不信谣、不传谣，共建和谐清朗的网络空间。,无,无,2020-01-01 19:44,微博 weibo.com,0,0,0
Inv3NaS60,N·1003,1829858922,2019最后一天 武汉发现不知名肺炎 2020第一天 重庆小区大火 这都什么事啊 真的那🔥烧得吓人 ,无,无,2020-01-01 19:41,iPhone客户端,0,0,1
Inv3jDMnX,沥青24k,7312131866,肺炎控制住了没有 ,无,无,2020-01-01 19:40,iPhone客户端,0,0,0
Inv3i9i56,北京人捍卫北京城,2025231343,【散布不实消息 8人被警方依法查处】据武汉市公安局通报，近期，武汉市部分医疗机构发现接诊了多例肺炎病例，市卫健委就此发布了情况通报。但一些网民在不经核实的情况下，在网络上发布、转发不实信息，造成不良社会影响。公安机关经调查核实，已传唤8名违法人员，并依法进行了处理。警方提示，网络不是法外之地，在网上发布信息、言论应遵守法律法规，对于编造、传播、散布谣言，扰乱社会秩序的违法行为，警方将依法查处，绝不姑息。希望广大网民遵守相关法律法规，不造谣、不信谣、不传谣，共建和谐清朗的网络空间。（新京报）,无,无,2020-01-01 19:40,iPhone客户端,54,6,15
Inv3g6Lsu,唐山公安网络发言人,1266164102,【】 通报：近期，我市部分医疗机构发现接诊多例肺炎病例，市卫健委就此发布通报。但一些网民在不经核实情况下，发布、转发不实信息，造成不良社会影响。公安机关已传唤8名违法人员，并依法进行处理。望广大网民遵守相关法律法规，不造谣、不信谣、不传谣。 ,无,无,2020-01-01 19:40,Android,3,1,0
Inv2JznZU,景德镇发布,3870787200,【科普一下：什么是肺炎？怎样预防？😷 】肺炎的症状及发病原因是什么？下面是大多数常见肺炎的发病机制，马住！一起通过视频让更多人知道！医视频的微博视频 ,无,无,2020-01-01 19:39,HUAWEI P20 Pro,23,2,1
Inv2eyLA8,火速头条,5939969094,【散布不实消息 8人被警方依法查处】据武汉市公安局通报，近期，武汉市部分医疗机构发现接诊了多例肺炎病例，市卫健委就此发布了情况通报。但一些网民在不经核实的情况下，在网络上发布、转发不实信息，造成不良社会影响。公安机关经调查核实，已传唤8名违法人员，并依法进行了处理。警方提示，网络不是法外之地，在网上发布信息、言论应遵守法律法规，对于编造、传播、散布谣言，扰乱社会秩序的违法行为，警方将依法查处，绝不姑息。希望广大网民遵守相关法律法规，不造谣、不信谣、不传谣，共建和谐清朗的网络空间。,无,无,2020-01-01 19:37,微博 weibo.com,2,0,2
Inv1YCgGI,清高云淡8,6620968029,"为勤勤恳恳任劳任怨废寝忘食维护社会稳定安全的中国🇨🇳警察点赞👍👍，您们辛苦了，向英雄的您们致敬！【事件已有8人因散布谣言被警方查处】网络不是法外之地, 不信谣不传谣遵纪守法才是根本所在！！ |  ",无,无,2020-01-01 19:37,小米浏览器,1,0,0
Inv1K9JUk,常州武进检察,5516911894,【】 通报：近期，我市部分医疗机构发现接诊多例肺炎病例，市卫健委就此发布通报。但一些网民在不经核实情况下，发布、转发不实信息，造成不良社会影响。公安机关已传唤8名违法人员，并依法进行处理。望广大网民遵守相关法律法规，不造谣、不信谣、不传谣。,无,无,2020-01-01 19:36,搜狗高速浏览器,1,0,2
Inv16x56N,ChaosPater,1621036821,我免费围观了  的回答，问题价值 388.00 元，快来一起围观~ <br />微博问答:如何看待武汉发现不明原因肺炎？具体情况如何？ ,无,无,2020-01-01 19:35,微博 weibo.com,0,0,0
Inv131zLP,辣叶摧秋,2037897050,【8名散布谣言者被查处,无,无,2020-01-01 19:34,凡人善举超话,9,3,0
Inv0OubKZ,江苏共青团,2710077380,【8名散布谣言者被查处,无,无,2020-01-01 19:34,OPPO Reno2,3,1,1
Inv0I0qUg,白水检察,5126842016,【,无,无,2020-01-01 19:34,HUAWEI P20,2,1,2
InuZumY3j,西部热点网,1959437653, 【有网民散布相关谣言，武汉警方：8人被依法查处】  近期，我市部分医疗机构发现接诊了多例肺炎病例，市卫健委就此发布了情况通报。但一些网民在不经核实的情况下，在网络上发布、转发不实信息，造成不良社会影响。公安机关经调查核实，已传唤8名违法人员，并依法进行了处理。警方提示，网络不是法外之地，在网上发布信息、言论应遵守法律法规，对于编造、传播、散布谣言，扰乱社会秩序的违法行为，警方将依法查处，绝不姑息。希望广大网民遵守相关法律法规，不造谣、不信谣、不传谣，共建和谐清朗的网络空间。,无,无,2020-01-01 19:31,HUAWEI Mate 20 Pro,0,0,3
InuZhDJkk,播州发布,6192212658,【该！8名散布谣言者被查处】 通报：近期，我市部分医疗机构发现接诊多例肺炎病例，市卫健委就此发布通报。但一些网民在不经核实情况下，发布、转发不实信息，造成不良社会影响。公安机关已传唤8名违法人员，并依法进行处理。望广大网民遵守相关法律法规，不造谣、不信谣、不传谣。 ,无,无,2020-01-01 19:30,HUAWEI P10,0,0,0
InuZfArPf,SecretPRt,5501167591,结果验证前，造谣扰乱社会秩序 ,无,无,2020-01-01 19:30,iPhone客户端,0,0,0
InuZaygrr,用户6738032473,6738032473,转 //  《散布不实消息 8人被警方依法查处》  ,无,无,2020-01-01 19:30,天天快报,0,0,0
InuZ6qEea,中都城事,3518323720,【武汉发现不明原因肺炎 华南海鲜批发市场休市整治(央视新闻)】 ,无,无,2020-01-01 19:30,OPPO R9s,0,0,0
InuYFyADT,扬子晚报,1653603955,【】 通报：近期，我市部分医疗机构发现接诊多例肺炎病例，市卫健委就此发布通报。但一些网民在不经核实情况下，发布、转发不实信息，造成不良社会影响。公安机关已传唤8名违法人员，并依法进行处理。望广大网民遵守相关法律法规，不造谣、不信谣、不传谣。 ,无,无,2020-01-01 19:29,微博 weibo.com,13,5,9
InuY402m5,V去痛片,1146272044, 病从口入，祸从口出。 ,无,无,2020-01-01 19:27,无,4,0,1
InuXUxeGF,一年一次的改名一定要好好想,6581345422,感冒了有点慌 等待后续,无,无,2020-01-01 19:27,nova4自拍极点全面屏,0,0,2
InuXP05Tl,开-心-猫,1291958402,我免费围观了  的回答，问题价值 388.00 元，快来一起围观~ <br />微博问答:如何看待武汉发现不明原因肺炎？具体情况如何？ ,无,无,2020-01-01 19:26,微博 weibo.com,0,0,0
InuXdp1tg,罗甸法院,3923412191,警方提示，网络不是法外之地，在网上发布信息、言论应遵守法律法规，对于编造、传播、散布谣言，扰乱社会秩序的违法行为，警方将依法查处，绝不姑息。希望广大网民遵守相关法律法规，不造谣、不信谣、不传谣，共建和谐清朗的网络空间。 ,无,无,2020-01-01 19:25,华为畅享 10S,0,0,0
InuWN82KJ,爱吃蛋糕的沉的沉水,6043697031,只会听官方消息，毕竟离我还是很遥远，没有那么大的危机意识，但最近我大概不会在外面吃饭了,无,无,2020-01-01 19:24,Android,2,0,2
InuWL2sL0,风雨兼程为你520,5861445411,想想当年的非典，没有必要藏着掖着，公开透明及时回应这也是击破谣言的最好办法！！！   日照 ,无,#8名散布武汉肺炎谣言者被查处#,2020-01-01 19:24,OPPO R9,29,1,5
InuWg24J7,网家家,6638879385,【】1日 通报：近期，我市部分医疗机构发现接诊多例肺炎病例，市卫健委就此发布通报。但一些网民在不经核实情况下，发布、转发不实信息，造成不良社会影响。公安机关已传唤8名违法人员，并依法进行处理。望广大网民遵守相关法律法规，不造谣、不信谣、不传谣。 ,无,无,2020-01-01 19:23,iPhone客户端,0,0,0
InuVq2Yig,晨曦810513,5895175878,我免费围观了  的回答，问题价值 388.00 元，快来一起围观~ <br />微博问答:如何看待武汉发现不明原因肺炎？具体情况如何？ ,无,无,2020-01-01 19:21,微博 weibo.com,0,0,0
InuV8xNu9,半斤有点多,6064726946,来源：科普中国、腾讯医典本文共1919字，阅读需5分钟12月31日下午，武汉市卫健委通报当地肺炎疫情。通报称，近期部分医疗机构发现接诊的多例肺炎病例与华南海鲜城有关联，市卫健委接到报告后，立即在全市医疗卫生机构开展与华南海鲜城有关联的病例搜索和回顾性调查。目前已发现27例病例，其中7例病情严重，其余病例病情稳定可控，有2例病情好转拟于近期出院。病例临床表现主要为发热，少数病人呼吸困难，胸片呈双肺浸... ,无,无,2020-01-01 19:20,nova5Pro人像超级夜景,0,0,0
InuV7FuIt,遵义发布,5521606430,【散布不实消息 8人被警方依法查处】据武汉市公安局通报，近期，武汉市部分医疗机构发现接诊了多例肺炎病例，市卫健委就此发布了情况通报。但一些网民在不经核实的情况下，在网络上发布、转发不实信息，造成不良社会影响。公安机关经调查核实，已传唤8名违法人员，并依法进行了处理。警方提示，网络不是法外之地，在网上发布信息、言论应遵守法律法规，对于编造、传播、散布谣言，扰乱社会秩序的违法行为，警方将依法查处，绝不姑息。希望广大网民遵守相关法律法规，不造谣、不信谣、不传谣，共建和谐清朗的网络空间。,无,无,2020-01-01 19:20,nova5Pro人像超级夜景,0,0,0
InuV00NWb,股市财宝宝,6569076166,造谣止于智者。唯恐天下不乱的造谣，必须严查。打掉门牙，打断手。 ,无,无,2020-01-01 19:20,牛股扑捉Android,22,4,6
InuUZ9J5v,luocheng1120,3192659660,不信谣不传谣。相信国家相信政府 ,无,无,2020-01-01 19:19,iPhone客户端,0,0,0
InuUX42eS,茅侠MX,2770386995,《散布不实消息 8人被警方依法查处》新京报快讯、据武汉市公安局通报，近期，武汉市部分医疗机构发现接诊了多例肺炎病例，市卫健委就此发布了情况通报。 ,无,无,2020-01-01 19:19,百度App,0,0,0
InuUErzkw,李岗的博,2599735413,8名散布谣言者被警方查处...,无,无,2020-01-01 19:19,无,2,2,1
InuU22X0w,Stella880907,2945119307,我免费围观了  的回答，问题价值 388.00 元，快来一起围观~ <br />微博问答:如何看待武汉发现不明原因肺炎？具体情况如何？ ,无,无,2020-01-01 19:17,微博 weibo.com,0,0,0
InuTQwyes,欧杯子,1134497622,转 //  《武汉不明原因肺炎，政府出手了》  ,无,无,2020-01-01 19:17,Android,0,0,0
InuTObDJ0,欧杯子,1134497622,转 //  《散布不实消息 8人被警方依法查处》  ,无,无,2020-01-01 19:17,Android,0,0,0
InuT4jk8a,yuki_若白,5768520242, 家这边板蓝根卖空了，我们经开离汉口挺远的，居然这么快卖空了，我买了最后一包 武汉 ,无,#武汉发现不明原因肺炎#,2020-01-01 19:15,vivo智能手机,29,0,18
InuSVuwdo,新民周刊,1681029540,【事件已有8人因散布谣言被警方查处】据武汉市公安局通报，近期，武汉市部分医疗机构发现接诊了多例肺炎病例，市卫健委就此发布了情况通报。但一些网民在不经核实的情况下，在网络上发布、转发不实信息，造成不良社会影响。公安机关经调查核实，已传唤8名违法人员，并依法进行了处理。警方提示，网络不是法外之地，在网上发布信息、言论应遵守法律法规，对于编造、传播、散布谣言，扰乱社会秩序的违法行为，警方将依法查处，绝不姑息。希望广大网民遵守相关法律法规，不造谣、不信谣、不传谣，共建和谐清朗的网络空间。,无,无,2020-01-01 19:14,HUAWEI Mate 20 X,6,3,3
InuSzj1Ll,华声在线,2288064900,【】 通报：近期，我市部分医疗机构发现接诊多例肺炎病例，市卫健委就此发布通报。但一些网民在不经核实情况下，发布、转发不实信息，造成不良社会影响。公安机关已传唤8名违法人员，并依法进行处理。望广大网民遵守相关法律法规，不造谣、不信谣、不传谣。 ,无,无,2020-01-01 19:14,iPhone客户端,0,0,0
InuS0tb2T,与说在线,3294420082,散布不实消息 8人被警方依法查处01-01 18:53 据武汉市公安局通报，近期，武汉市部分医疗机构发现接诊了多例肺炎病例，市卫健委就此发布了情况通报。但一些网民在不经核实的情况下，在网络上发布、转发不实信息，造成不良社会影响。公安机关经调查核实，已传唤8名违法人员，并依法进行了处理。警方提示，网络不是法外之地，在网上发布信息、言论应遵守法律法规，对于编造、传播、散布谣言，扰乱社会秩序的违法行为，警方将依法查处，绝不姑息。希望广大网民遵守相关法律法规，不造谣、不信谣、不传谣，共建和谐清朗的网络空间。,无,无,2020-01-01 19:12,无,1,0,2
InuRT61bv,柳心0909,5312254741,我免费围观了  的回答，问题价值 388.00 元，快来一起围观~ <br />微博问答:如何看待武汉发现不明原因肺炎？具体情况如何？ ,无,无,2020-01-01 19:12,微博 weibo.com,0,0,0
InuRHuYGN,台州网警巡查执法,5658295841, 【】         通报：近期，我市部分医疗机构发现接诊多例肺炎病例，市卫健委就此发布通报。但一些网民在不经核实情况下，发布、转发不实信息，造成不良社会影响。公安机关已传唤8名违法人员，并依法进行处理。望广大网民遵守相关法律法规，不造谣、不信谣、不传谣。 ,无,无,2020-01-01 19:11,无,84,32,45
InuQAmTtQ,深蓝财经,1961718870,【武汉警方：8名散布谣言者被依法查处】武汉警方官方微博消息称，近期，武汉市部分医疗机构发现接诊了多例肺炎病例，市卫健委就此发布了情况通报。但一些网民在不经核实的情况下，在网络上发布、转发不实信息，造成不良社会影响。公安机关经调查核实，已传唤8名违法人员，并依法进行了处理。警方提示，网络不是法外之地，在网上发布信息、言论应遵守法律法规，对于编造、传播、散布谣言，扰乱社会秩序的违法行为，警方将依法查处，绝不姑息。希望广大网民遵守相关法律法规，不造谣、不信谣、不传谣，共建和谐清朗的网络空间。,无,无,2020-01-01 19:09,无,106,24,43
InuQeebw6,民心不可伤,2532195743,武汉警方：8人散布不实消息 被依法处理 ,无,无,2020-01-01 19:08,无,0,0,0
InuQ1w2vC,亿万咸鱼,5671659632,现在的人真心急，就好像今天发生的事二十四点之前就要一个答案。人做病毒研究的是原创类工作，不是公式套进去就有答案的，发布出来就是权威，有治疗指导意义的，能赶进度瞎报吗？真是科技便捷生活把人都惯坏了！ 许昌 ,无,#散布武汉肺炎谣言8人被查处#,2020-01-01 19:07,红米Redmi,51,1,21
InuNj5tyG,北京头条,1644948230,【】 通报：近期，我市部分医疗机构发现接诊多例肺炎病例，市卫健委就此发布通报。但一些网民在不经核实情况下，发布、转发不实信息，造成不良社会影响。公安机关已传唤8名违法人员，并依法进行处理。望广大网民遵守相关法律法规，不造谣、不信谣、不传谣。 ,无,无,2020-01-01 19:01,微博 weibo.com,38,8,16
InuMUh0ub,天津日报,3546332963,【】 通报：近期，我市部分医疗机构发现接诊多例肺炎病例，市卫健委就此发布通报。但一些网民在不经核实情况下，发布、转发不实信息，造成不良社会影响。公安机关已传唤8名违法人员，并依法进行处理。望广大网民遵守相关法律法规，不造谣、不信谣、不传谣。 ,无,无,2020-01-01 19:00,微博 weibo.com,1,0,0
InuMJDEOx,周惠芳08,7312193694,我在看：【事件已有8人因散布谣言被警方查处】  事件已有8人因散布谣言被警方查处 ,无,无,2020-01-01 18:59,新浪新闻客户端,0,0,0
InuME0tfl,听丿春风之影,5795387210,散布不实消息，8人被警方查处 ,无,无,2020-01-01 18:59,人民日报客户端,1,0,2
InuMrAG0U,N视频,6217683074,【武汉华南海鲜市场因与肺炎病例有关联，被责令休市整治】1月1日，武汉市江汉区市场监督管理局、武汉市江汉区卫生健康局发出“关于休市整治的公告”，通知华南海鲜批发市场实行休市，进行环境卫生整治，开市时间另行通知。2019年12月31日，武汉卫健委通报，已发现27例病毒性肺炎病例，多例肺炎病例与华南海鲜城有关联，目前尚未发现明显人传人现象。 ,无,无,2020-01-01 18:58,南都视频,26,6,5
InuM5qqiy,小李飞刀再出发,1853103647,"我分享了【事件已有8人因散布谣言被警方查处】, 快来看吧！ |  ",无,无,2020-01-01 18:58,小米浏览器,0,0,0
InuLQ4B5Y,文汇报,1914880192,【】 通报：近期，我市部分医疗机构发现接诊多例肺炎病例，市卫健委就此发布通报。但一些网民在不经核实情况下，发布、转发不实信息，造成不良社会影响。公安机关已传唤8名违法人员，并依法进行处理。望广大网民遵守相关法律法规，不造谣、不信谣、不传谣。 ,无,无,2020-01-01 18:57,微博 weibo.com,3,0,0
InuLI5Shz,每日商报,1883184762,【】1日 通报：近期，我市部分医疗机构发现接诊多例肺炎病例，市卫健委就此发布通报。但一些网民在不经核实情况下，发布、转发不实信息，造成不良社会影响。公安机关已传唤8名违法人员，并依法进行处理。望广大网民遵守相关法律法规，不造谣、不信谣、不传谣。 ,无,无,2020-01-01 18:57,iPhone客户端,2,0,0
InuLtkKcV,北京市石景山,2590508280,【】 通报：近期，我市部分医疗机构发现接诊多例肺炎病例，市卫健委就此发布通报。但一些网民在不经核实情况下，发布、转发不实信息，造成不良社会影响。公安机关已传唤8名违法人员，并依法进行处理。望广大网民遵守相关法律法规，不造谣、不信谣、不传谣。 ,无,无,2020-01-01 18:56,无,1,0,1
InuKS5iZv,中国妇女报,2606218210,【散布不实消息 8人被警方依法查处】据 通报，近期，武汉市部分医疗机构发现接诊了多例肺炎病例，市卫健委就此发布了情况通报。但一些网民在不经核实的情况下，在网络上发布、转发不实信息，造成不良社会影响。公安机关经调查核实，已传唤8名违法人员，并依法进行了处理。警方提示，网络不是法外之地，在网上发布信息、言论应遵守法律法规，对于编造、传播、散布谣言，扰乱社会秩序的违法行为，警方将依法查处，绝不姑息。希望广大网民遵守相关法律法规，不造谣、不信谣、不传谣，共建和谐清朗的网络空间。,无,无,2020-01-01 18:55,微博 weibo.com,48,15,17
InuKQjpeq,蛟河筱陌,3226875567,『散布不实消息 8人被警方依法查处』散布不实消息 8人被警方依法查处 ,无,无,2020-01-01 18:54,无,0,0,0
InuKJuNJK,本溪社长,6074742551,【】 通报：近期，我市部分医疗机构发现接诊多例肺炎病例，市卫健委就此发布通报。但一些网民在不经核实情况下，发布、转发不实信息，造成不良社会影响。公安机关已传唤8名违法人员，并依法进行处理。望广大网民遵守相关法律法规，不造谣、不信谣、不传谣。 ,无,无,2020-01-01 18:54,iPhone 6,1,0,0
InuKEtMFD,无锡经济广播,1895623191,【】 通报：近期，我市部分医疗机构发现接诊多例肺炎病例，市卫健委就此发布通报。但一些网民在不经核实情况下，发布、转发不实信息，造成不良社会影响。公安机关已传唤8名违法人员，并依法进行处理。望广大网民遵守相关法律法规，不造谣、不信谣、不传谣。 ,无,无,2020-01-01 18:54,荣耀10 AI变色更潮美,1,2,0
InuKqiWCI,好先森1724,6448178908,我在看：【事件已有8人因散布谣言被警方查处】  事件已有8人因散布谣言被警方查处 ,无,无,2020-01-01 18:53,新浪新闻客户端,0,0,0
InuJKDrDc,海鹏威,1644306093,【8名散布“武汉不明肺炎”谣言者被查处】  (分享自) // ,无,无,2020-01-01 18:52,搜狐新闻客户端,0,0,0
InuJHnLZx,青春尔做伴永驻常青,6125663515,我在看：【事件已有8人因散布谣言被警方查处】  事件已有8人因散布谣言被警方查处 ,无,无,2020-01-01 18:52,新浪新闻客户端,0,0,0
InuJfCODA,吉林共青团,2762892110,【,无,无,2020-01-01 18:51,无,2,3,1
InuJfBcdR,辽视第一时间,1368805177,【】 通报：近期，我市部分医疗机构发现接诊多例肺炎病例，市卫健委就此发布通报。但一些网民在不经核实情况下，发布、转发不实信息，造成不良社会影响。公安机关已传唤8名违法人员，并依法进行处理。望广大网民遵守相关法律法规，不造谣、不信谣、不传谣。 ,无,无,2020-01-01 18:51,无,2,1,0
InuJfm44M,杜ML图瓦ing,3645479827,个男人，涛涛来了24被人卖倒花楼，被卖身，最后冲破花楼的束缚，洗心革面，考中童生，那反方会怎么想？ 　　结果这个新角度一  ,无,无,2020-01-01 18:51,微博 weibo.com,0,0,0
InuJcnqmJ,贵州日报官微,5167503212,【武汉警方：8人散布不实消息 被依法处理】 据武汉市公安局官方微博消息，近期，武汉市部分医疗机构发现接诊了多例肺炎病例，一些网民在不经核实的情况下，在网络上发布、转发有关肺炎病例不实信息，造成不良社会影响。公安机关经调查核实，已传唤8名违法人员，并依法进行了处理。,无,无,2020-01-01 18:50,iPhone客户端,1,0,0
InuIQxzCc,心中暖暖的手,6430541795,  后有杀医分析！！！新歌《太原市卫健委之歌》也叫（这里蛀虫心黑体肥）。曲调来自好听的（五环之歌）。     啊~~公平，你在卫健委的脚下。     啊~~国  法，你在卫健委的垃圾堆。    卫健委把手中的权力，     全部都献给医院。     卫健委把坑，蒙，骗，全部都留给老百姓。     啊~~权力，     啊~~金钱，     卫健委和医院紧紧心连心。为了找到我母亲被太原市太航医院治死的证据，我申请了医疗鉴定，这个权利是国家赋予每个公民的。当所有证据指向医院是治死我母亲的凶手时，太原市卫健委在拖了1年7个月后，伙同医院剥夺了我的医疗鉴定权。我用中国法律和他们谈，他们竟然用外国法律回答。他们玩忽职守，滥用职权。忘了这是在中国境内。我实名举报太原市卫健委权力寻租，太原市太航医院就是权力的受益者。我真诚希望监察纪检，卫生系统的上级部门能来审查。先查我举报是否属实，不属实法办我。如果查出太原市卫健委确实违法，请对蛀虫别手软。我的资料他们2方全有。                                                                        患者儿子：李杰                                                                                2019.12.31又见”杀医”，为什么医患关系这么尖锐?行政部门卫健委与医院相互勾结，1个有权，1个有钱。一拍即合。致使医院对患者肆无忌惮，给脸色，看情绪，技术差，拿病床当自己的资源，看见红包，礼物，回扣才见笑容。患者投诉，卫健委当黑保护伞。家属无路可退。但杀医就不对了，国家卫健委应该先通言路，依法治医，在治患。疏通医患矛盾，打击保护伞，否则这会是最后1个吗？在没人以命相搏吗？,无,无,2020-01-01 18:50,微博 weibo.com,0,1,0
InuIP2KVz,圣州九宫阁创业重记,6434195361,新京报动新闻的秒拍视频那么，王家没得到三界镇农业土地之前，老大和小华同时说起过要做农贸生意。理由是老大去杭州卫生厅的亲伯伯家住过几天。而当时伯伯家的儿子正在管理杭州农贸市场这块。即是菜市场的隐形老大，肯定是能呼风唤雨的。即如此视频所描述的；卫生厅势力是完全可介入菜市场行情大买卖的。 ,无,无,2020-01-01 18:50,微博 weibo.com,1,0,0
InuIuEtSo,活力天使2016,5851144588,【健康广东】9012年的最后一天，全网被武汉的“不明原因肺炎”刷屏了甚至有人惊呼：“非典”来了！SAR 武汉惊现27例不明肺炎病例，真相是……  ,无,无,2020-01-01 18:49,UC浏览器Android,5,0,0
InuIquR4h,小散理智,6087369624,近期，武汉市部分医疗机构发现接诊了多例肺炎病例，武汉市卫健委就此发布了情况通报。但一些网民在不经核实的情况下，在网络上发布、转发不实信息，造成不良社会影响。公安机关经调查核实，已传唤8名违法人员，并依法进行了处理。 ,无,无,2020-01-01 18:49,无,9,0,3
InuH406I0,董事会杂志,1668695325,【8名散布谣言者被依法查处】近期，武汉市部分医疗机构发现接诊了多例肺炎病例，武汉市卫健委就此发布了情况通报。但一些网民在不经核实的情况下，在网络上发布、转发不实信息，造成不良社会影响。公安机关经调查核实，已传唤8名违法人员，并依法进行了处理。（央视） ,无,无,2020-01-01 18:45,360安全浏览器,3,0,2
InuGUfF54,龙头妖谷,5079411389,  近期，武汉市部分医疗机构发现接诊了多例肺炎病例，武汉市卫健委就此发布了情况通报。但一些网民在不经核实的情况下，在网络上发布、转发不实信息，造成不良社会影响。公安机关经调查核实，已传唤8名违法人员，并依法进行了处理。（央视）乱造谣被抓，明天医药歇菜了？分歧也有机会。,无,无,2020-01-01 18:45,今日看盘超话,35,33,33
InuGTDYK8,活力天使2016,5851144588,【新京报】新京报快讯据武汉市公安局通报，近期，武汉市部分医疗机构发现接诊了多例肺炎病例，市卫健委就此 散布不实消息 8人被警方依法查处  ,无,无,2020-01-01 18:45,UC浏览器Android,0,0,0
InuGTnb2d,杏坛闲人,2325804134,《散布不实消息 8人被警方依法查处》新京报快讯、据武汉市公安局通报，近期，武汉市部分医疗机构发现接诊了多例肺炎病例，市卫健委就此发布了情况通报。 ,无,无,2020-01-01 18:45,百度App,0,1,0
InuGQpvhz,正义网,1896650227,【散布不实消息 8人被警方依法查处】据 通报，近期，武汉市部分医疗机构发现接诊了多例肺炎病例，市卫健委就此发布了情况通报。但一些网民在不经核实的情况下，在网络上发布、转发不实信息，造成不良社会影响。公安机关经调查核实，已传唤8名违法人员，并依法进行了处理。警方提示，网络不是法外之地，在网上发布信息、言论应遵守法律法规，对于编造、传播、散布谣言，扰乱社会秩序的违法行为，警方将依法查处，绝不姑息。希望广大网民遵守相关法律法规，不造谣、不信谣、不传谣，共建和谐清朗的网络空间。,无,无,2020-01-01 18:45,360安全浏览器,11,13,3
InuGLE27O,捉谣记,6590980486,  【事件已有8人因散布谣言被警方查处】近期，武汉市部分医疗机构发现接诊了多例肺炎病例。一些网民在不经核实的情况下，在网络上发布、转发不实信息，造成不良社会影响。公安机关经调查核实，已传唤8名违法人员，并依法进行了处理。警方提示，网络不是法外之地，在网上发布信息、言论应遵守法律法规，对于编造、传播、散布谣言，扰乱社会秩序的违法行为，警方将依法查处，绝不姑息。,无,无,2020-01-01 18:44,微博 weibo.com,8,7,6
InuGCviJz,荆楚网,1895394815,【不信谣，不传谣！】 通报：近期，我市部分医疗机构发现接诊多例肺炎病例，市卫健委就此发布通报。但一些网民在不经核实情况下，发布、转发不实信息，造成不良社会影响。公安机关已传唤8名违法人员，并依法进行处理。望广大网民遵守相关法律法规，不造谣、不信谣、不传谣。,无,无,2020-01-01 18:44,微博 weibo.com,14,3,4
InuGz0XBH,火速头条,5939969094,【】1日 通报：近期，我市部分医疗机构发现接诊多例肺炎病例，市卫健委就此发布通报。但一些网民在不经核实情况下，发布、转发不实信息，造成不良社会影响。公安机关已传唤8名违法人员，并依法进行处理。望广大网民遵守相关法律法规，不造谣、不信谣、不传谣。,无,无,2020-01-01 18:44,微博 weibo.com,2,0,2
InuFZw4Nx,青之龙眼,2554734077,【,无,无,2020-01-01 18:43,中国好网民超话,5,0,1
InuFYiQeg,操奇制胜,6167824365,【8名散布谣言者被依法查处】近期，武汉市部分医疗机构发现接诊了多例肺炎病例，武汉市卫健委就此发布了情况通报。但一些网民在不经核实的情况下，在网络上发布、转发不实信息，造成不良社会影响。公安机关经调查核实，已传唤8名违法人员，并依法进行了处理。（央视） ,无,无,2020-01-01 18:42,搜狗高速浏览器,34,0,1
InuFq3CoH,石家庄新闻广播,2013046764,【有网民散布相关谣言，武汉警方：8人被依法查处】 近期，我市部分医疗机构发现接诊了多例肺炎病例，市卫健委就此发布了情况通报。但一些网民在不经核实的情况下，在网络上发布、转发不实信息，造成不良社会影响。公安机关经调查核实，已传唤8名违法人员，并依法进行了处理。警方提示，网络不是法外之地，在网上发布信息、言论应遵守法律法规，对于编造、传播、散布谣言，扰乱社会秩序的违法行为，警方将依法查处，绝不姑息。希望广大网民遵守相关法律法规，不造谣、不信谣、不传谣，共建和谐清朗的网络空间。,无,无,2020-01-01 18:41,iPhone客户端,1,0,0
InuEWvRQE,嗨牛财经直播君,6259394869,实时播报：【8名散布谣言者被依法查处】嗨牛财经讯，近期，武汉市部分医疗机构发现接诊了多例肺炎病例，武汉市卫健委就此发布了情况通报。但一些网民在不经核实的情况下，在网络上发布、转发不实信息，造成不良社会影响。公安机关经调查核实，已传唤8名违法人员，并依法进行了处理。（央视） ,无,无,2020-01-01 18:40,微博 weibo.com,0,0,0
InuEPpE4g,报刊荟萃杂志社官方微博,6754378555,【】 通报：近期，我市部分医疗机构发现接诊多例肺炎病例，市卫健委就此发布通报。但一些网民在不经核实情况下，发布、转发不实信息，造成不良社会影响。公安机关已传唤8名违法人员，并依法进行处理。望广大网民遵守相关法律法规，不造谣、不信谣、不传谣。 （人民日报） ,无,http://t.cn/RDUnNFD,2020-01-01 18:40,红米Redmi,0,0,1
InuENmrWY,BJTV图说宝鸡,3305819203,【散布不实消息 8人被警方依法查处】据武汉市公安局通报，近期，武汉市部分医疗机构发现接诊了多例肺炎病例，市卫健委就此发布了情况通报。但一些网民在不经核实的情况下，在网络上发布、转发不实信息，造成不良社会影响。公安机关经调查核实，已传唤8名违法人员，并依法进行了处理。警方提示，网络不是法外之地，在网上发布信息、言论应遵守法律法规，对于编造、传播、散布谣言，扰乱社会秩序的违法行为，警方将依法查处，绝不姑息。希望广大网民遵守相关法律法规，不造谣、不信谣、不传谣，共建和谐清朗的网络空间。,无,无,2020-01-01 18:40,iPhone客户端,0,0,0
InuENmphg,我人力资源总监,5016075280,《疫情速报：相关样品已经送至中科院武汉国家生物安全实验室》武汉国家生物安全实验室正式投入运行后，将对自然疫源性病毒和其他新发病毒开展研究。 ,无,无,2020-01-01 18:40,iPhone客户端,0,0,0
InuELzKDs,雪球,2183570524,【8名散布谣言者被依法查处】近期，武汉市部分医疗机构发现接诊了多例肺炎病例，武汉市卫健委就此发布了情况通报。但一些网民在不经核实的情况下，在网络上发布、转发不实信息，造成不良社会影响。公安机关经调查核实，已传唤8名违法人员，并依法进行了处理。（央视） ,无,无,2020-01-01 18:40,微博 weibo.com,90,8,30
InuEyyHrL,昌江发布,5380501825, 【8名散布谣言者被依法查处】近期，我市部分医疗机构发现接诊了多例肺炎病例，市卫健委就此发布了情况通报。但一些网民在不经核实的情况下，在网络上发布、转发不实信息，造成不良社会影响。公安机关经调查核实，已传唤8名违法人员，并依法进行了处理。警方提示，网络不是法外之地，在网上发布信息、言论应遵守法律法规，对于编造、传播、散布谣言，扰乱社会秩序的违法行为，警方将依法查处，绝不姑息。希望广大网民遵守相关法律法规，不造谣、不信谣、不传谣，共建和谐清朗的网络空间。,无,无,2020-01-01 18:39,华为手机 畅享玩不停,2,0,1
InuEwugYx,西部网,1650414555,【散布不实消息 8人被警方依法查处】据武汉市公安局通报，近期，武汉市部分医疗机构发现接诊了多例肺炎病例，市卫健委就此发布了情况通报。但一些网民在不经核实的情况下，在网络上发布、转发不实信息，造成不良社会影响。公安机关经调查核实，已传唤8名违法人员，并依法进行了处理。警方提示，网络不是法外之地，在网上发布信息、言论应遵守法律法规，对于编造、传播、散布谣言，扰乱社会秩序的违法行为，警方将依法查处，绝不姑息。希望广大网民遵守相关法律法规，不造谣、不信谣、不传谣，共建和谐清朗的网络空间。（新京报）,无,无,2020-01-01 18:39,iPhone客户端,4,0,0
InuEpnViy,快兰斯24小时财经直播,5051077448,实时播报：【8名散布谣言者被依法查处】近期，武汉市部分医疗机构发现接诊了多例肺炎病例，武汉市卫健委就此发布了情况通报。但一些网民在不经核实的情况下，在网络上发布、转发不实信息，造成不良社会影响。公安机关经调查核实，已传唤8名违法人员，并依法进行了处理。（CCTV） ,无,无,2020-01-01 18:39,微博Win8客户端,7,4,3
InuEms6e5,环球网,1686546714,【有网民散布相关谣言，武汉警方：8人被依法查处】 近期，我市部分医疗机构发现接诊了多例肺炎病例，市卫健委就此发布了情况通报。但一些网民在不经核实的情况下，在网络上发布、转发不实信息，造成不良社会影响。公安机关经调查核实，已传唤8名违法人员，并依法进行了处理。警方提示，网络不是法外之地，在网上发布信息、言论应遵守法律法规，对于编造、传播、散布谣言，扰乱社会秩序的违法行为，警方将依法查处，绝不姑息。希望广大网民遵守相关法律法规，不造谣、不信谣、不传谣，共建和谐清朗的网络空间。 ,无,无,2020-01-01 18:39,无,362,51,178
InuEkFmxq,国际妇联叶主任,5786568264,穿井得一人啊，做到不造谣不传谣吧 ,无,无,2020-01-01 18:38,芍药Android,2,0,0
InuEbd50K,华盛7x24,5084136996,【8名散布谣言者被依法查处】近期，武汉市部分医疗机构发现接诊了多例肺炎病例，武汉市卫健委就此发布了情况通报。但一些网民在不经核实的情况下，在网络上发布、转发不实信息，造成不良社会影响。公安机关经调查核实，已传唤8名违法人员，并依法进行了处理。（央视） ,无,无,2020-01-01 18:38,华盛通,0,0,0
InuDZ7fcK,潮汕人游天下,5274966417,我免费围观了  的回答，问题价值 388.00 元，快来一起围观~ <br />微博问答:如何看待武汉发现不明原因肺炎？具体情况如何？ ,无,无,2020-01-01 18:38,微博 weibo.com,0,0,0
InuDW8Rq3,财入门,1229253383,故意编造谣言肯定需要处理，这毫无疑问，无需质疑。但是在缺少官方信息的情况下，有的人判断不出来哪个信息是谣言，哪个信息是真实的，对于传播谣言的人来说，可能很多人是无意的。我们常说谣言止于智者，其实谣言止于官方通报，官方如及时的通报信息，谣言就没有藏身之地。,无,无,2020-01-01 18:37,无,91,5,22
InuDOayOi,乌兰浩特政法,6579033207,【】1日 通报：近期，我市部分医疗机构发现接诊多例肺炎病例，市卫健委就此发布通报。但一些网民在不经核实情况下，发布、转发不实信息，造成不良社会影响。公安机关已传唤8名违法人员，并依法进行处理。望广大网民遵守相关法律法规，不造谣、不信谣、不传谣。 ,无,无,2020-01-01 18:37,HUAWEI Mate 20,1,1,0
InuDGsQtu,云南共青团,1761616742,【,无,无,2020-01-01 18:37,OPPO Reno2,14,1,1
InuDCEkzo,又欠803,1567240510,我在看：【事件已有8人因散布谣言被警方查处】  事件已有8人因散布谣言被警方查处 ,无,无,2020-01-01 18:37,新浪新闻客户端,0,0,0
InuDz8rDI,全民gossip,1245780372,官方及时公开了，都敢造谣？,无,无,2020-01-01 18:37,荣耀V20 4800万3D相机,16,1,19
InuDz7bCa,作家叶倾城,1182419985,武汉不明原因肺炎，小年断断续续咳嗽多日，她的同学颇有些甲流回家休息的，我在家中备了板蓝根、感冒灵与银翘解毒片等——她最喜欢最后一种，称之为“MM豆”，黄黄的糖衣。很不幸，买熟的牌子吃完了，换了新牌子，不甜了，她就不爱了。我对她的期许是：“一定要坚持到考试结束呀。放了假就可以尽情了。” 然后我又很惭愧：我这说的还是人话吗?我还有人性吗?这是亲妈该说的吗?关键是，这真是我的肺腑之言呀。,无,无,2020-01-01 18:37,微博 weibo.com,54,1,34
InuDydPAC,ZAKER,1898495494,【武汉警方通报：已将8名散布关于多例肺炎病例的谣言者依法查处】 武汉接诊多例肺炎病例，警方：已传唤并处理8名违法人员，他们涉嫌在网络上发布、转发不实消息>> 武汉警方通报：已将8名散布关于多例肺炎病例的谣言者依法查处 ,无,无,2020-01-01 18:37,ZAKER扎客新闻,5,0,1
InuDjbRj4,清风一笑9816,2480498337,        希望广大网民遵守相关法律法规，不造谣、不信谣、不传谣，共建和谐清朗的网络空间。 ,无,无,2020-01-01 18:36,iPhone 6,8,1,22
InuDja9ql,365-厦门大雨,1562273464,哇咔咔，周二流感病毒板块白涨了吗？ ,无,无,2020-01-01 18:36,厦门大雨Android,126,16,39
InuDag0qo,浦东发布,2557375422,【科普一下：什么是肺炎？怎样预防？😷 】肺炎的症状及发病原因是什么？下面是大多数常见肺炎的发病机制，马住！一起通过视频让更多人知道！ 医视频的微博视频 ,无,无,2020-01-01 18:36,iPhone客户端,9,8,3
InuD8uuZB,中国水运报,2359441912,【】 通报：近期，我市部分医疗机构发现接诊多例肺炎病例，市卫健委就此发布通报。但一些网民在不经核实情况下，发布、转发不实信息，造成不良社会影响。公安机关已传唤8名违法人员，并依法进行处理。望广大网民遵守相关法律法规，不造谣、不信谣、不传谣。 （via人民日报）,无,无,2020-01-01 18:36,iPhone客户端,35,4,1
InuD18rci,刘丽_46688,3312642634,散布不实消息 8人被警方依法查处-新京报  ,无,无,2020-01-01 18:35,荣耀9i 千元潮美旗舰,0,0,0
InuCWEtfh,青春上海,1964619957,【】 通报：近期，我市部分医疗机构发现接诊多例肺炎病例，市卫健委就此发布通报。但一些网民在不经核实情况下，发布、转发不实信息，造成不良社会影响。公安机关已传唤8名违法人员，并依法进行处理。望广大网民遵守相关法律法规，不造谣、不信谣、不传谣。 via人民日报,无,无,2020-01-01 18:35,无,1,1,0
InuCTrbM2,黄冈生活,5461921176,【武汉发现不明原因肺炎追踪：】12月30日起，武汉市最大的海鲜批发市场华南海鲜批发市场陆续出现不明原因肺炎病人，根据当地卫健委最新披露，7人病情严重，绝大多数患者出自华南海鲜市场。2020年第一天，《每日经济新闻》记者现场采访了解到，海鲜市场从今日起休市整治。 ,无,无,2020-01-01 18:35,HUAWEI Mate 30,6,1,6
InuCKyYVD,湖北日报,2827102952,【8名散布谣言者被依法查处】据，8名散布谣言者被依法查处。武汉市部分医疗机构近期发现接诊了多例肺炎病例，武汉市卫健委就此发布了情况通报。但一些网民在不经核实的情况下，在网络上发布、转发不实信息，造成不良社会影响。公安机关经调查核实，已传唤8名违法人员，并依法进行了处理。警方提示，网络不是法外之地，在网上发布信息、言论应遵守法律法规，对于编造、传播、散布谣言，扰乱社会秩序的违法行为，警方将依法查处，绝不姑息。希望广大网民遵守相关法律法规，不造谣、不信谣、不传谣，共建和谐清朗的网络空间。（平安武汉）,无,无,2020-01-01 18:35,微博 weibo.com,17,1,7
InuCFxSl3,我人力资源总监,5016075280,《散布不实消息 8人被警方依法查处》新京报快讯、据武汉市公安局通报，近期，武汉市部分医疗机构发现接诊了多例肺炎病例，市卫健委就此发布了情况通报。 ,无,无,2020-01-01 18:34,iPhone客户端,0,0,0
InuC7ykaV,微笑新郎8,2155435837,武汉发现不明原因肺炎 华南海鲜批发市场休市整治武汉发现不明原因肺炎 华南海鲜批发市场休市整治 ,无,无,2020-01-01 18:33,360安全浏览器手机版,0,0,0
InuC0cQ0h,安若莲花,6273456175,我在看：【事件已有8人因散布谣言被警方查处】  事件已有8人因散布谣言被警方查处 ,无,无,2020-01-01 18:33,新浪新闻客户端,0,0,0
InuBYpCH8,雪绒花路路,5660756444,啥情况 ,无,无,2020-01-01 18:33,小米6 拍人更美,0,0,0
InuBLoGJk,ThePerfectCrown,1436860417,《8名散布“武汉不明原因肺炎”谣言者已被依法查处》 8名散布“武汉不明原因肺炎”谣言者已被依法查处 ,无,无,2020-01-01 18:32,iPhone客户端,0,0,0
InuBDpUTN,-新闻记者兵-,2709731850,事件已有8人因散布谣言被警方查处  事件已有8人因散布谣言被警方查处 ,无,无,2020-01-01 18:32,新浪新闻客户端,0,0,0
InuBArubC,羽昼的小尾巴,3284382062,终于有时间分享日常了，2020要从吃吃吃开始[馋嘴]肺炎也没挡住武汉人民的跨年热情，一出江汉路地铁人山人海... ,无,无,2020-01-01 18:32,无,2,0,0
InuBsdQFt,德国奥地利海淘代购,3263699424,国内现货！德国‎本土才有的‎型号！武汉又‎出现致命病毒‎性肺炎，N95口罩又‎卖断货‎了！医生都‎说，普通的口罩是无‎法预防病毒流感的，也‎无法预防雾霾！所以，要有效，就用‎德国3M 9322+，带呼‎吸阀‎... ,无,无,2020-01-01 18:31,同步圈APP,0,0,0
InuBoDqVI,深圳商报,2274567792,【】1日 通报：近期，我市部分医疗机构发现接诊多例肺炎病例，市卫健委就此发布通报。但一些网民在不经核实情况下，发布、转发不实信息，造成不良社会影响。公安机关已传唤8名违法人员，并依法进行处理。望广大网民遵守相关法律法规，不造谣、不信谣、不传谣。 ,无,无,2020-01-01 18:31,iPhone XS Max,3,0,0
InuBnvvmV,乡下客,1548067152,分享凤凰新闻：散布不实消息 8人被警方依法查处 散布不实消息 8人被警方依法查处 来自  散布不实消息 8人被警方依法查处 ,无,无,2020-01-01 18:31,凤凰新闻,1,0,0
InuAX9Eg3,Xjj_无争,6746911760,网络不是法外之地，管好自己的言行， 如你唯恐天下不乱，就应该关进号子里改造。网络自媒体是传播实事求是的！ ,无,无,2020-01-01 18:30,OPPO超视野全面屏R15,68,39,19
InuAt2STv,台湾那点事儿,6067139463,【】 通报：近期，我市部分医疗机构发现接诊多例肺炎病例，市卫健委就此发布通报。但一些网民在不经核实情况下，发布、转发不实信息，造成不良社会影响。公安机关已传唤8名违法人员，并依法进行处理。望广大网民遵守相关法律法规，不造谣、不信谣、不传谣。 ,无,无,2020-01-01 18:29,岛主的Android,76,1,19
InuAqofVD,头条聊城,5833530136,造谣一张嘴，辟谣跑断腿,无,无,2020-01-01 18:29,来去之间送的会员,36,0,19
InuAjAA1H,掌上镇江,5391596582,【科普：什么是肺炎？怎样预防？😷 】。科普一下：肺炎的症状及发病原因是什么？下面是大多数常见肺炎的发病机制，马住！一起通过视频让更多人知道！医视频的微博视频 ,无,无,2020-01-01 18:29,无,25,17,4
InuA84OPE,楼市政国策,1793773542,武汉市公安局通报，近期，武汉市部分医疗机构发现接诊了多例肺炎病例，市卫健委就此发布了情况通报。但一些网民在不经核实的情况下，在网络上发布、转发不实信息，造成不良社会影响。公安机关经调查核实，已传唤8名违法人员，并依法进行了处理。警方提示，网络不是法外之地，在网上发布信息、言论应遵守法律法规，对于编造、传播、散布谣言，扰乱社会秩序的违法行为，警方将依法查处，绝不姑息。希望广大网民遵守相关法律法规，不造谣、不信谣、不传谣，共建和谐清朗的网络空间。,无,无,2020-01-01 18:28,HUAWEI Mate 9,1,0,0
InuzSopYf,中国新闻网,1784473157,【】1日 通报：近期，我市部分医疗机构发现接诊多例肺炎病例，市卫健委就此发布通报。但一些网民在不经核实情况下，发布、转发不实信息，造成不良社会影响。公安机关已传唤8名违法人员，并依法进行处理。望广大网民遵守相关法律法规，不造谣、不信谣、不传谣。 ,无,无,2020-01-01 18:27,360安全浏览器,229,39,119
InuzRtvlQ,芜湖热线,1738307381, 【散布不实消息 8人被警方依法查处】据武汉市公安局通报，近期，武汉市部分医疗机构发现接诊了多例肺炎病例，市卫健委就此发布了情况通报。但一些网民在不经核实的情况下，在网络上发布、转发不实信息，造成不良社会影响。公安机关经调查核实，已传唤8名违法人员，并依法进行了处理。警方提示，网络不是法外之地，在网上发布信息、言论应遵守法律法规，对于编造、传播、散布谣言，扰乱社会秩序的违法行为，警方将依法查处，绝不姑息。希望广大网民遵守相关法律法规，不造谣、不信谣、不传谣，共建和谐清朗的网络空间。（新京报）,无,无,2020-01-01 18:27,iPhone客户端,0,0,0
InuzJwg8h,山哈佬,2653758503,【】 通报：近期，我市部分医疗机构发现接诊多例肺炎病例，市卫健委就此发布通报。但一些网民在不经核实情况下，发布、转发不实信息，造成不良社会影响。公安机关已传唤8名违法人员，并依法进行处理。望广大网民遵守相关法律法规，不造谣、不信谣、不传谣。 ,无,无,2020-01-01 18:27,无,2,2,1
InuzEwi0S,东方网,1918021250,【8名散布谣言者被依法查处】 ：近期，武汉部分医疗机构发现接诊了多例肺炎病例，市卫健委就此发布了情况通报。但一些网民在不经核实的情况下，在网络上发布、转发不实信息，造成不良社会影响。公安机关经调查核实，已传唤8名违法人员，并依法进行了处理。 ,无,无,2020-01-01 18:27,微博 weibo.com,1,1,1
InuzAmtYy,科普中国网,5994750011,【】 通报：近期，我市部分医疗机构发现接诊多例肺炎病例，市卫健委就此发布通报。但一些网民在不经核实情况下，发布、转发不实信息，造成不良社会影响。公安机关已传唤8名违法人员，并依法进行处理。望广大网民遵守相关法律法规，不造谣、不信谣、不传谣。 ,无,无,2020-01-01 18:27,iPhone客户端,0,0,0
Inuzv3OkC,科普中国,5104880035,【】 通报：近期，我市部分医疗机构发现接诊多例肺炎病例，市卫健委就此发布通报。但一些网民在不经核实情况下，发布、转发不实信息，造成不良社会影响。公安机关已传唤8名违法人员，并依法进行处理。望广大网民遵守相关法律法规，不造谣、不信谣、不传谣。 ,无,无,2020-01-01 18:27,无,17,4,2
InuzozXKa,潍坊晚报,1802564537,【】 通报：近期，我市部分医疗机构发现接诊多例肺炎病例，市卫健委就此发布通报。但一些网民在不经核实情况下，发布、转发不实信息，造成不良社会影响。公安机关已传唤8名违法人员，并依法进行处理。望广大网民遵守相关法律法规，不造谣、不信谣、不传谣。 ,无,无,2020-01-01 18:26,iPhone 6s,0,0,0
InuzdiKy5,快人快语的说客,1549637620,分享网易新闻《8名散布“武汉不明原因肺炎”谣言者已被依法查处》8名散布“武汉不明原因肺炎”谣言者已被依法查处 来自  ,无,无,2020-01-01 18:26,网易新闻客户端,0,0,0
InuyFlOAd,宋港归要努力,3310524153,好不容易买了武汉的票了？？ ,无,无,2020-01-01 18:24,曲屏双摄vivo Xplay6,0,0,2
InuykkzcW,米虫之台州,7296259464, 好怕怕[泪]  ,无,无,2020-01-01 18:24,米虫之超话,238,10,53
Inuy4oFVu,新闻夜航,1675961211,科普一下：肺炎的症状及发病原因是什么，下面是大多数常见肺炎的发病机制，转发一起通过视频让更多人了解下！（来源：医视频的微博视频）  哈尔滨 ,无,#散布武汉肺炎谣言8人被查处#,2020-01-01 18:23,iPhone客户端,7,6,0
InuxLvaqO,湖北经视,1924842983,【8名散布谣言者被依法查处】近期，我市部分医疗机构发现接诊了多例肺炎病例，市卫健委就此发布了情况通报。但一些网民在不经核实的情况下，在网络上发布、转发不实信息，造成不良社会影响。公安机关经调查核实，已传唤8名违法人员，并依法进行了处理。警方提示，网络不是法外之地，在网上发布信息、言论应遵守法律法规，对于编造、传播、散布谣言，扰乱社会秩序的违法行为，警方将依法查处，绝不姑息。希望广大网民遵守相关法律法规，不造谣、不信谣、不传谣，共建和谐清朗的网络空间。(平安武汉) ,无,无,2020-01-01 18:22,iPhone XS Max,9,1,5
Inuxr5bvN,最校草,6716566941,不明肺炎是真的，但也不必慌张，更不要造谣传谣。当年非典来临的时候，国家以强大的动员调度能力和前所未有的执行力，打赢了一场全民战争。我们不能忘记当年的医护人员，他们写好遗书奋战在第一线，有些人倒下就再也没有起来。所以，还是相信我们的医疗水平。 ,无,无,2020-01-01 18:21,nova4自拍极点全面屏,7,0,1
InuxfiWGX,火速头条,5939969094,【 此前通报与肺炎病例有关联】武汉华南海鲜批发市场1月1日贴出休市整治公告，决定对市场实行休市，进行环境卫生整治，开市时间另行通知。记者1月1日上午在华南海鲜批发市场看到，市场车辆进出口及东、西市场出入口出均在显著位置张贴公告。（中新视频）,无,无,2020-01-01 18:21,微博 weibo.com,2,0,2
InuwZCfcX,杨箴乂,2581460144,新年元旦，某村新征程，重庆有个楼失火，武汉节前有肺炎 ,无,无,2020-01-01 18:20,红米Redmi,1,0,0
InuwIdN5g,山东省淄博高新区法院,3972618712,【武汉发现不明原因肺炎】目前，国家卫健委专家组已抵达湖北武汉，正展开相关检测核实工作。然而肺炎的症状及发病原因是什么呢？下面是大多数常见肺炎的发病机制，转发一起通过视频让更多人了解下！医视频的微博视频 ,无,无,2020-01-01 18:20,皮皮时光机,3,1,5
InuwFfJSe,中工网,2292896411,【 现场张贴官方公告】1月1日，湖北患者集中出现的华南海鲜市场，已被通知休市整顿。上午7时许，公安、城管等多部门对现场进行封锁，相关休市公告已经在市场内张贴。工作人员称，将对市场进行消毒处置。此前，武汉卫健委通报称，12月以来发现病毒性肺炎病例27例。  ,无,无,2020-01-01 18:20,微博 weibo.com,3,0,0
InuwyaMuF,四川工人日报,1132428807,【散布不实消息 8人被警方依法查处】据武汉市公安局通报，近期，武汉市部分医疗机构发现接诊了多例肺炎病例，市卫健委就此发布了情况通报。但一些网民在不经核实的情况下，在网络上发布、转发不实信息，造成不良社会影响。公安机关经调查核实，已传唤8名违法人员，并依法进行了处理。警方提示，网络不是法外之地，在网上发布信息、言论应遵守法律法规，对于编造、传播、散布谣言，扰乱社会秩序的违法行为，警方将依法查处，绝不姑息。希望广大网民遵守相关法律法规，不造谣、不信谣、不传谣，共建和谐清朗的网络空间。（新京报）,无,无,2020-01-01 18:19,HUAWEI nova 3e,0,0,0
Inuwxev6G,Pazzo代购云,7335206465,武汉的不明肺炎怎么样啦？！我跨完年要回来了，这车厢号和座位号。。我好方,无,无,2020-01-01 18:19,小米9,0,0,0
InuwhzI6X,江淮晨报,1856446532,【散布不实消息 8人被警方依法查处】据武汉市公安局通报，近期，武汉市部分医疗机构发现接诊了多例肺炎病例，市卫健委就此发布了情况通报。但一些网民在不经核实的情况下，在网络上发布、转发不实信息，造成不良社会影响。公安机关经调查核实，已传唤8名违法人员，并依法进行了处理。警方提示，网络不是法外之地，在网上发布信息、言论应遵守法律法规，对于编造、传播、散布谣言，扰乱社会秩序的违法行为，警方将依法查处，绝不姑息。希望广大网民遵守相关法律法规，不造谣、不信谣、不传谣，共建和谐清朗的网络空间。（新京报）,无,无,2020-01-01 18:19,微博 weibo.com,0,0,0
InuweBPTG,爱如少年2s,1807914993,我围观了 的回答，围观仅1元，快来一起围观~ <br />微博问答:如何看待武汉发现不明原因肺炎？具体情况如何？ ,无,无,2020-01-01 18:18,微博问答,0,0,0
InuvUvCNW,天恩伴徐,6544288566,"我分享了【武汉市卫健委：已发现27例肺炎病例 初步分析为病毒性肺炎_手机搜狐网】, 快来看吧！ | 武汉市卫健委：已发现27例肺炎病例 初步分析为病毒性肺炎 ",无,无,2020-01-01 18:18,小米浏览器,0,0,0
Inuvy5qh1,火速头条,5939969094,【散布不实消息 8人被警方依法查处】据武汉市公安局通报，近期，武汉市部分医疗机构发现接诊了多例肺炎病例，市卫健委就此发布了情况通报。但一些网民在不经核实的情况下，在网络上发布、转发不实信息，造成不良社会影响。公安机关经调查核实，已传唤8名违法人员，并依法进行了处理。警方提示，网络不是法外之地，在网上发布信息、言论应遵守法律法规，对于编造、传播、散布谣言，扰乱社会秩序的违法行为，警方将依法查处，绝不姑息。希望广大网民遵守相关法律法规，不造谣、不信谣、不传谣，共建和谐清朗的网络空间。（新京报）,无,无,2020-01-01 18:17,微博 weibo.com,2,0,2
Inutq0eAa,华商报,1717833412,【散布不实消息 8人被警方依法查处】据武汉市公安局通报，近期，武汉市部分医疗机构发现接诊了多例肺炎病例，市卫健委就此发布了情况通报。但一些网民在不经核实的情况下，在网络上发布、转发不实信息，造成不良社会影响。公安机关经调查核实，已传唤8名违法人员，并依法进行了处理。警方提示，网络不是法外之地，在网上发布信息、言论应遵守法律法规，对于编造、传播、散布谣言，扰乱社会秩序的违法行为，警方将依法查处，绝不姑息。希望广大网民遵守相关法律法规，不造谣、不信谣、不传谣，共建和谐清朗的网络空间。,无,无,2020-01-01 18:12,微博 weibo.com,21,5,12
InutajwdL,红网,3363163410,【8名散布谣言者被依法查处】近期武汉市部分医疗机构发现接诊了多例肺炎病例，武汉市卫健委就此发布了情况通报。但一些网民在不经核实的情况下，在网络上发布、转发不实信息，造成不良社会影响。公安机关经调查核实，已传唤8名违法人员，并依法进行了处理。 ,无,无,2020-01-01 18:11,iPhone X,1,0,0
Inut2lPsY,焗白菜,2169122192, 菜市场、海鲜市场都需要专项整顿一下，特别是夏天蚊蝇满天飞，环境太差了。 紧急呼叫的秒拍视频 ,无,无,2020-01-01 18:11,iPhone 6s Plus,1,0,0
InusUnbDp,教书那点事儿,6735624486,31日上午， “武汉出现不明原因肺炎病人，疑似SARS”一事引发关注。网传收治患者的武汉市中心医院（原二院）后湖院区医务处工作人员向新京报记者辟谣称，目前并无疑似或确诊的患者。 ,无,无,2020-01-01 18:10,nova4自拍极点全面屏,2,0,0
InushmeiY,每日经济新闻,1649173367, 【每经18点 | 交通运输部：通行费减免等优惠依托ETC实现；散布不实消息 8人被警方依法查处；上海垃圾分类执法半年“成绩单”出炉】1、交通运输部：通行费减免等优惠依托ETC实现。据新华社消息，全国29个联网省份的487个省界收费站1日全部取消，取消高速公路省界收费站任务基本完成。“撤站”后怎么收通行费？如何治理超载？未安装ETC车载装置的车辆，能否享受通行费优惠政策？交通运输部公路局局长吴德金1日对此进行了回应。吴德金说，根据《国家发展改革委 交通运输部关于印发〈加快推进高速公路电子不停车快捷收费应用服务实施方案〉的通知》，自2020年1月1日起，除国务院另有规定外，各类通行费减免等优惠政策均依托ETC系统实现。2、散布武汉肺炎不实消息 8人被警方依法查处。今天下午据武汉市公安局微博通报，近期，武汉市部分医疗机构发现接诊了多例肺炎病例，市卫健委就此发布了情况通报。但一些网民在不经核实的情况下，在网络上发布、转发不实信息，造成不良社会影响。公安机关经调查核实，已传唤8名违法人员，并依法进行了处理。警方提示，网络不是法外之地，在网上发布信息、言论应遵守法律法规，对于编造、传播、散布谣言，扰乱社会秩序的违法行为，警方将依法查处，绝不姑息。希望广大网民遵守相关法律法规，不造谣、不信谣、不传谣，共建和谐清朗的网络空间。 ,无,无,2020-01-01 18:09,微博 weibo.com,19,5,3
Inus7ELx7,合肥头条,2521617504,【散布不实消息 8人被警方依法查处】据武汉市公安局通报，近期，武汉市部分医疗机构发现接诊了多例肺炎病例，市卫健委就此发布了情况通报。但一些网民在不经核实的情况下，在网络上发布、转发不实信息，造成不良社会影响。公安机关经调查核实，已传唤8名违法人员，并依法进行了处理。警方提示，网络不是法外之地，在网上发布信息、言论应遵守法律法规，对于编造、传播、散布谣言，扰乱社会秩序的违法行为，警方将依法查处，绝不姑息。希望广大网民遵守相关法律法规，不造谣、不信谣、不传谣，共建和谐清朗的网络空间。（新京报） ,无,http://t.cn/Rt5qRxf,2020-01-01 18:08,无,1,0,0
Inur4BqG7,科学未来人,1812175903,两个人的人生基本上毁了，一个六年，一个四年半。判这么重可能是因为当时引发了国内外极大恶劣影响，当时毕节、凯里市全市出动，连夜查找所谓涉事单位。 ,无,无,2020-01-01 18:06,Han's Android,330,22,54
InuqceOhV,楚天都市报,1720962692,【8名散布谣言者被依法查处】 ：近期，武汉部分医疗机构发现接诊了多例肺炎病例，市卫健委就此发布了情况通报。但一些网民在不经核实的情况下，在网络上发布、转发不实信息，造成不良社会影响。公安机关经调查核实，已传唤8名违法人员，并依法进行了处理。 ,无,无,2020-01-01 18:04,微博 weibo.com,49,13,45
InupKujN7,江城每日资讯,6605401888,武汉出现不明原因肺炎，海鲜市场休市整治，望平安  ,无,无,2020-01-01 18:03,iPhone客户端,0,0,0
InupccP7L,头条新闻,1618051664,【散布不实消息 8人被警方依法查处】据武汉市公安局通报，近期，武汉市部分医疗机构发现接诊了多例肺炎病例，市卫健委就此发布了情况通报。但一些网民在不经核实的情况下，在网络上发布、转发不实信息，造成不良社会影响。公安机关经调查核实，已传唤8名违法人员，并依法进行了处理。警方提示，网络不是法外之地，在网上发布信息、言论应遵守法律法规，对于编造、传播、散布谣言，扰乱社会秩序的违法行为，警方将依法查处，绝不姑息。希望广大网民遵守相关法律法规，不造谣、不信谣、不传谣，共建和谐清朗的网络空间。（新京报）,无,无,2020-01-01 18:01,微博 weibo.com,35790,767,4440
InuoyjXcD,四川日报,3167104922,【 此前通报与肺炎病例有关联】武汉华南海鲜批发市场1月1日贴出休市整治公告，决定对市场实行休市，进行环境卫生整治，开市时间另行通知。记者1月1日上午在华南海鲜批发市场看到，市场车辆进出口及东、西市场出入口出均在显著位置张贴公告。（中新视频）,无,无,2020-01-01 18:00,微博 weibo.com,1,1,0
InunRaxDl,用户6481914031,6481914031,《武汉华南海鲜批发市场休市整治卫生 与病毒性肺炎有关联》 ,无,无,2020-01-01 17:58,百度极速版,0,0,0
Inumz4GyO,用户6569439310,6569439310,我免费围观了  的回答，问题价值 388.00 元，快来一起围观~ <br />微博问答:如何看待武汉发现不明原因肺炎？具体情况如何？ ,无,无,2020-01-01 17:55,微博 weibo.com,0,0,0
InukBCgMc,用户6438609132,6438609132,我在看：【武汉发现不明原因肺炎 华南海鲜批发市场休市整治】  武汉发现不明原因肺炎 华南海鲜批发市场休市整治 ,无,无,2020-01-01 17:50,新浪新闻客户端,0,0,0
InukzhoYj,美搭美clothes,1878603440,不是很确定。但是为了保险起见。很多人出门戴口罩,无,无,2020-01-01 17:50,iPhone客户端,4,0,0
Inukgnxjn,小鹿mgmg,5893854955,。。。 ,无,无,2020-01-01 17:49,三星android智能手机,0,0,0
InujInt07,用已知解未知,5880741358,最近武汉闹肺炎，我最佩服这位大哥，真.口罩,无,无,2020-01-01 17:48,Redmi Note 7 Pro,18,2,13
Inujhc91s,用户7310180754,7310180754,我免费围观了  的回答，问题价值 388.00 元，快来一起围观~ <br />微博问答:如何看待武汉发现不明原因肺炎？具体情况如何？ ,无,无,2020-01-01 17:47,微博 weibo.com,0,0,0
Inuigwq7w,芙兰朵露爱好者是初音厨,5765222458,说起来由于武汉突然肺炎我已经抗拒出门了（而且学校大家全是口罩口罩口罩 ,无,无,2020-01-01 17:44,微博国际版,0,0,0
InuhBbwQV,第一帮帮团,1714800385,【开市时间另行通知】2019年12月30日起，武汉市最大的海鲜批发市场华南海鲜批发市场陆续出现不明原因肺炎病人，根据当地卫健委最新披露，7人病情严重，绝大多数患者出自华南海鲜市场。今日，武汉相关部门发出公告：“经研究，决定对华南海鲜批发市场实行休市，进行环境卫生整治。并称之后会进行消毒处置，开市时间另行通知。”via   ,无,无,2020-01-01 17:42,微博视频,8,0,0
InueLmXPb,超短小韭菜,6155884773,武汉华南海鲜上热收了，看来这不是谣言！病毒感染性肺炎，确实存在。 洪湖市 ,无,无,2020-01-01 17:35,iPhone客户端,0,0,3
InucC58uM,股海十一少,2120098567,【 现场张贴官方公告】1月1日，患者集中出现的华南海鲜市场，已被通知休市整顿。上午7时许，公安、城管等多部门对现场进行封锁，相关休市公告已经在市场内张贴。工作人员称，将对市场进行消毒处置。此前，武汉卫健委通报称，12月以来发现病毒性肺炎病例27例。,无,无,2020-01-01 17:30,微博 weibo.com,20,3,6
Inucn2DQh,泣泣在不见,7306970927,  后有杀医分析！！！新歌《太原市卫健委之歌》也叫（这里蛀虫心黑体肥）。曲调来自好听的（五环之歌）。     啊~~公平，你在卫健委的脚下。     啊~~国  法，你在卫健委的垃圾堆。    卫健委把手中的权力，     全部都献给医院。     卫健委把坑，蒙，骗，全部都留给老百姓。     啊~~权力，     啊~~金钱，     卫健委和医院紧紧心连心。为了找到我母亲被太原市太航医院治死的证据，我申请了医疗鉴定，这个权利是国家赋予每个公民的。当所有证据指向医院是治死我母亲的凶手时，太原市卫健委在拖了1年7个月后，伙同医院剥夺了我的医疗鉴定权。我用中国法律和他们谈，他们竟然用外国法律回答。他们玩忽职守，滥用职权。忘了这是在中国境内。我实名举报太原市卫健委权力寻租，太原市太航医院就是权力的受益者。我真诚希望监察纪检，卫生系统的上级部门能来审查。先查我举报是否属实，不属实法办我。如果查出太原市卫健委确实违法，请对蛀虫别手软。我的资料他们2方全有。                                                                        患者儿子：李杰                                                                                2020.01.01又见”杀医”，为什么医患关系这么尖锐?行政部门卫健委与医院相互勾结，1个有权，1个有钱。一拍即合。致使医院对患者肆无忌惮，给脸色，看情绪，技术差，拿病床当自己的资源，看见红包，礼物，回扣才见笑容。患者投诉，卫健委当黑保护伞。家属无路可退。但杀医就不对了，国家卫健委应该先通言路，依法治医，在治患。疏通医患矛盾，打击保护伞，否则这会是最后1个吗？在没人以命相搏吗？,无,无,2020-01-01 17:30,微博 weibo.com,0,0,0
InucigV08,哈萨克斯坦主权基金,7197841139,武汉卫健委：已发现27宗病毒性肺炎病例 未发现明显人传人现象 _大公网  ,无,无,2020-01-01 17:29,百度分享,0,0,0
InuchoWsu,哈萨克斯坦主权基金,7197841139,武汉发现不明原因肺炎 国家卫健委专家组已达武汉 _大公网 武汉发现不明原因肺炎 国家卫健委专家组已达武汉 ,无,无,2020-01-01 17:29,百度分享,0,0,0
InucbbIbD,范湖人家,5674133423,《武汉华南海鲜市场已休市，不明原因肺炎已有成熟监测体系》2019年12月30日，武汉市卫健委发布《市卫生健康委关于报送不明原因肺炎救治情况的紧急通知》，通知表示，武汉市华南海鲜市场陆续出现不明原因肺炎病人。 ,无,无,2020-01-01 17:29,iPhone客户端,1,0,0
Inuc2BpEy,长春越读生活,1592049134,【 商户正常营业】12月30日，武汉卫健委称，发现不明原因肺炎。 来到出现病例的华南海鲜市场，发现市场内的商家在正常营业。有商户说，防疫人员31日凌晨来到市场进行消毒，此前听说有人因肺炎入院治疗，“是市场里的经营者，咳嗽了两天没当回事儿”。  ,无,无,2020-01-01 17:29,iPhone客户端,3,0,4
Inuc0ymez,石小杰微博,1264138094,严防严控 //  《武汉不明原因肺炎，政府出手了》  ,无,无,2020-01-01 17:29,iPhone X,26,1,4
InubVewee,上海清粹商务咨询,2506351007,我觉的要市场周边几公里范围内都要消毒，隔离，不怕一万，就怕万一。 ,无,无,2020-01-01 17:28,iPhone客户端,0,0,0
Inub8cjeB,蓝先生的小迷妹-,5172306270, 狗命要紧口罩得戴😷有一说一，这得浪费多少海鲜海鲜：这锅我们不背！ ,无,无,2020-01-01 17:27,iPhone客户端,10,0,12
Inub15ZrI,DuDu笃个笃个笃,5817561670,肺炎都挡不住勇敢的武汉人民,无,无,2020-01-01 17:26,荣耀8X,0,0,0
InuaujrEN,有方居士2017,5859825042,我在看：【武汉发现不明原因肺炎 华南海鲜批发市场休市整治】  武汉发现不明原因肺炎 华南海鲜批发市场休市整治 ,无,无,2020-01-01 17:25,新浪新闻客户端,2,0,0
Inuacjwhu,马三剑,2085948797,《武汉官方：不明原因肺炎不能断定是SARS》武汉官方：不明原因肺炎不能断定是SARS 千万别2003 ,无,无,2020-01-01 17:24,百度App,0,0,1
Inu9omnZw,埇桥检察,5572501910,【与病毒性肺炎有关联 】今日，武汉相关部门发出公告：“经研究，决定对华南海鲜批发市场实行休市，进行环境卫生整治。请广大商户积极配合，开市时间另行通知。”近期，武汉已发现27例病毒性肺炎病例，目前尚未发现明显人传人现象。  ,无,无,2020-01-01 17:22,埇桥小小检Android,0,0,1
Inu9mhwGJ,奇葩图鉴,1202150843,武汉网友关于这次不明原因肺炎的吐槽 ,无,无,2020-01-01 17:22,iPhone 11 Pro,753,28,145
Inu6HFeCl,程Sir金融,7358183807, 多图直击事发海鲜批发市场，有人不在意有人担心多图直击事发海鲜批发市场，有人不在意有人担心 来自 ,无,无,2020-01-01 17:16,腾讯新闻客户端,1,0,0
Inu5LtanD,生活中坚强的小强,3194505000,我在看：【武汉发现不明原因肺炎 华南海鲜批发市场休市整治】  武汉发现不明原因肺炎 华南海鲜批发市场休市整治 ,无,无,2020-01-01 17:13,新浪新闻客户端,0,0,0
Inu2UukrM,豆子他爹的爹,2392757280,『武汉发生肺炎疫情的市场休市 动物内脏曾散落街角』武汉发生肺炎疫情的市场休市 动物内脏曾散落街角 ,无,无,2020-01-01 17:06,华为手机,0,0,0
Inu2TzCtx,南国都市报,1962117985,【与病毒性肺炎有关联 】今日，武汉相关部门发出公告：“经研究，决定对华南海鲜批发市场实行休市，进行环境卫生整治。请广大商户积极配合，开市时间另行通知。”近期，武汉已发现27例病毒性肺炎病例，目前尚未发现明显人传人现象。  via.央视新闻,无,无,2020-01-01 17:06,360安全浏览器,5,0,1
Inu2MblwO,晩风柔,5315610927,安全了 ,无,无,2020-01-01 17:06,无,6,0,3
Inu2AlMTm,调调爱资讯,5943283408,这是最好的谣言粉碎机！一个判六年！一个判四年！ 你们觉得合理吗？ ,无,无,2020-01-01 17:05,nova6 5G自拍大不一样,394,0,13
Inu1uqEad,爱与恩,1369478193,我在看：【武汉发现不明原因肺炎 华南海鲜批发市场休市整治】  武汉发现不明原因肺炎 华南海鲜批发市场休市整治 ,无,无,2020-01-01 17:03,新浪新闻客户端,0,0,0
Inu1sCelU,知名肥橘蛋卷卷,2772714145,我在想为什么武汉那个肺炎不传染给我，我真的不想加班了,无,无,2020-01-01 17:03,iPhone客户端,2,1,6
Inu0DyEiC,叮咚新闻,1242619795,近期，武汉华南海鲜市场陆续出现不明原因肺炎病人。1月1日起，华南海鲜市场已进行休市整治。（新京报） ,无,无,2020-01-01 17:01,微博 weibo.com,0,0,0
IntYEBpbK,军威长风,2622931881,现场实拍|武汉不明原因肺炎始发海鲜批发市场 现场实拍|武汉不明原因肺炎始发海鲜批发市场 ,无,无,2020-01-01 16:56,分享按钮,0,0,0
IntYoD050,Pisigomet,7093323527,2019年12月30日，武汉华南海鲜市场出现不明原因的肺炎疫情，目前已发现27例病例，大部分为华南海鲜城的经营户，其中7例病情危重，其余病情均可控，2例病情好转拟近期出院。现已确定为病毒性肺炎，但不能断定是网上传言的SARS病毒。目前并未发现人传人的现象，相关病毒分型检测、隔离治疗、终末消毒等工作正在积极进行中，大家也不必恐慌。,无,无,2020-01-01 16:55,HUAWEI Mate 20,0,0,0
IntYg7lC6,舆情时讯,6094137352,【武汉 此前被发现与病毒性肺炎有关联】据央视新闻消息，1月1日武汉相关部门发出公告：“经研究，决定对华南海鲜批发市场实行休市，进行环境卫生整治。请广大商户积极配合，开市时间另行通知。”近期，武汉已发现27例病毒性肺炎病例，目前尚未发现明显人传人现象。,无,无,2020-01-01 16:55,荣耀10 AI变色更潮美,4,0,1
IntWMslzv,平度江键,1786613921,"『最新!武汉通报肺炎疫情:7例病情严重,未发现明显人传人现象 齐鲁晚报 今天』最新!武汉通报肺炎疫情:7例病情严重,未发现明显人传人现象 齐鲁晚报 今天 ",无,无,2020-01-01 16:51,HUAWEI nova手机,2,0,0
IntWMbVCN,·渡月桥遥·,3974165284,就因为那个事我点了个炸鸡现在不敢吃 ,无,无,2020-01-01 16:51,iPhone,1,0,4
IntWx5n3i,陕西城市资讯,5872109838,【武汉 此前被发现与病毒性肺炎有关联】据央视新闻消息，1月1日武汉相关部门发出公告：“经研究，决定对华南海鲜批发市场实行休市，进行环境卫生整治。请广大商户积极配合，开市时间另行通知。”近期，武汉已发现27例病毒性肺炎病例，目前尚未发现明显人传人现象。,无,无,2020-01-01 16:51,无,2,0,2
IntW7qebD,樱花突击队,1833676644,武汉发现不明原因肺炎病例27例 最新情况都在这里了  ,无,无,2020-01-01 16:50,新浪财经,1,0,0
IntVFk8s3,非著名记者焦迎森,2090107971, 非著名记者焦迎森的微博视频 ,无,无,2020-01-01 16:48,HUAWEI P30 Pro,3,3,1
IntVC4NBQ,石家庄微服务,5960916876,【武汉 此前被发现与病毒性肺炎有关联】据央视新闻消息，1月1日武汉相关部门发出公告：“经研究，决定对华南海鲜批发市场实行休市，进行环境卫生整治。请广大商户积极配合，开市时间另行通知。”近期，武汉已发现27例病毒性肺炎病例，目前尚未发现明显人传人现象。,无,无,2020-01-01 16:48,nova5Pro人像超级夜景,2,0,0
IntVn0Zj7,时间视频,6250824982,【武汉 此前被发现与病毒性肺炎有关联】据央视新闻消息，1月1日武汉相关部门发出公告：“经研究，决定对华南海鲜批发市场实行休市，进行环境卫生整治。请广大商户积极配合，开市时间另行通知。”近期，武汉已发现27例病毒性肺炎病例，目前尚未发现明显人传人现象。,无,无,2020-01-01 16:48,360安全浏览器,42,10,11
IntVc4enM,Tlin5742,1654195217,我围观了 的回答，围观仅1元，快来一起围观~ <br />微博问答:如何看待武汉发现不明原因肺炎？具体情况如何？ ,无,无,2020-01-01 16:47,微博问答,0,0,0
IntUVdOHg,做一棵思想的芦苇,5588175533,元旦做了两个好菜,无,无,2020-01-01 16:47,小米8周年旗舰手机,0,0,0
IntUPAbS6,Vvvvvvvvvvvvv丶,6413408983,市场也关闭整顿了，热度没了，还有谁在持续关注？既然说不是SARS病毒，那是什么病毒，是否有传染性？什么传播途径？什么时候能官宣一下。 ,无,无,2020-01-01 16:46,iPhone客户端,0,0,0
IntTT6VSp,惠淘馆-蓝调,6095617729,处女座过分地追求完美，在职场上显得吹毛求疵精细之余，神经紧绷而放不开手脚，看问题也是太侧重细节处致忽略全局！不擅通融的性情，在与人相处时总有诸多纷扰！然而，碰得钉子多了，自然摸打滚爬出“做好事之前先做好人”的门道，一改往昔大姑娘的扭捏，左右逢迎！巧遇中年时来运转，事业蒸蒸日上！ 公：sou860 「大补贴」 ,无,无,2020-01-01 16:44,sou280,0,0,0
IntRCac1Q,蛇马子,1572918213,涉病毒性肺炎疫情，武汉涉事海鲜市场休市 写评论… ,无,无,2020-01-01 16:38,齐鲁壹点Android,1,0,0
IntRog5cq,檀书斌-冬雷脑科医生集团,1439991554,难免会想起2003年的悲欢离合，一转眼已经17年了,无,#武汉发现不明原因肺炎#,2020-01-01 16:38,HUAWEI Mate 10,7,0,2
IntOAe7MN,多林飞,1984464280,禽流感！猪流感！水产流感！海陆空搞乱中国🇨🇳！谁最阴险？美鬼！💣💣💣💣9012年的最后一天，全网被武汉的“不明原因肺炎”刷屏了甚至有人惊呼：“非典”来了！SAR 武汉惊现27例不明肺炎病例，真相是……  ,无,无,2020-01-01 16:31,UC浏览器Android,1,0,0
IntO7wZez,都市现场,1680430844,【：已发现27例病例，初步分析为病毒性肺炎】12月31日，据湖北武汉市卫健委：近期武汉部分医疗机构已发现27例病毒性肺炎病例，均已隔离治疗。病例临床表现主要为发热，少数病人呼吸困难，胸片呈双肺浸润性病灶。目前尚未发现明显人传人现象，未发现医务人员感染。对病原检测及感染原因的调查正在进行中。 ,无,无,2020-01-01 16:30,微博云剪,4,0,0
IntO14psx,羊城晚报金羊网,2131593523,【与病毒性肺炎有关联 整治卫生】今日，武汉相关部门发出公告：“经研究，决定对华南海鲜批发市场实行休市，进行环境卫生整治。请广大商户积极配合，开市时间另行通知。”近期，武汉已发现27例病毒性肺炎病例，目前尚未发现明显人传人现象。 ,无,无,2020-01-01 16:30,微博 weibo.com,1,0,0
IntNXy5r4,渭南网讯,2798807972,【与病毒性肺炎有关联 】今日，武汉相关部门发出公告：“经研究，决定对华南海鲜批发市场实行休市，进行环境卫生整治。请广大商户积极配合，开市时间另行通知。”近期，武汉已发现27例病毒性肺炎病例，目前尚未发现明显人传人现象。   ,无,http://t.cn/R2WxgiP,2020-01-01 16:29,iPhone客户端,0,0,0
IntNVsVcN,用户5384020291,5384020291,我围观了 的回答，围观仅1元，快来一起围观~ <br />微博问答:如何看待武汉发现不明原因肺炎？具体情况如何？ ,无,无,2020-01-01 16:29,微博问答,0,0,0
IntNT5Nxm,荔_zhang,1816193317,//分享网易新闻:《详细解读 | 武汉不明原因肺炎》 详细解读 | 武汉不明原因肺炎   ,无,无,2020-01-01 16:29,iPhone客户端,1,0,0
IntJLaGDQ,兰色多瑙河3149827465,3149827465,"我分享了【武汉华南海鲜市场已休市，不明原因肺炎已有成熟监测体系】, 快来看吧！ | 武汉华南海鲜市场已休市，不明原因肺炎已有成熟监测体系 ",无,无,2020-01-01 16:19,Android,0,0,0
IntIMifDW,河南法制报,1479040710,【与病毒性肺炎有关联 】今日，武汉相关部门发出公告：“经研究，决定对华南海鲜批发市场实行休市，进行环境卫生整治。请广大商户积极配合，开市时间另行通知。”近期，武汉已发现27例病毒性肺炎病例，目前尚未发现明显人传人现象。（央视新闻） ⑦ ,无,无,2020-01-01 16:17,iPhone客户端,2,1,0
IntIj3QKV,和气如风,2591944615,我免费围观了  的回答，问题价值 388.00 元，快来一起围观~ <br />微博问答:如何看待武汉发现不明原因肺炎？具体情况如何？ ,无,无,2020-01-01 16:15,微博 weibo.com,0,0,0
IntHI7rQa,主编赵旭东,1721484135,调查发现，此次肺炎病例大部分为华南海鲜城经营户。目前，相关病毒分型检测、隔离治疗、终末消毒等工作正在进行。武汉多位医院人士称，目前病因尚未明确，不能断定是网上传言的SARS病毒，其他重症肺炎的可能性更大。而且即便是SARS病毒，此前也已有成熟的防控救治体系，市民也不用恐慌。,无,无,2020-01-01 16:14,北京府右街Android,2,1,1
IntHHeK06,HAppy开心故事,6076007190,       【给创业者五个建议】1）毕业生不宜马上创业，应先参与创业，再主导创业，2）创业目的不是上市；上市只是阶段性目标和一个新的起点，3）创业关键不是科技创新，而是创造用户价值，4）点子不重要；把握趋势、团队、执行力才重要，5）VC价值不在钱，而在人脉、经验、建议、辅助。,无,无,2020-01-01 16:14,微博 weibo.com,5,0,22
IntH843QJ,fan乘风泛舟ruan,6568321699,我免费围观了  的回答，问题价值 388.00 元，快来一起围观~ <br />微博问答:如何看待武汉发现不明原因肺炎？具体情况如何？ ,无,无,2020-01-01 16:13,微博 weibo.com,0,0,0
IntGD2MUc,澳門日報,6174509848,【不明肺炎】武汉近日出现集体染肺炎案例，多人病情严重，所幸目前尚未发现明显人传人现象。卫生局经评估后认为肺炎不寻常，需多加留意，但相信内地有足够的能力应付。武汉现未明原因肺炎，数人病情严重，卫生局经评估后认为...... ,无,无,2020-01-01 16:11,微博 weibo.com,7,4,2
IntG6eJJW,图书科技,2367937152,涉病毒性肺炎疫情，武汉涉事海鲜市场休市 写评论… ,无,无,2020-01-01 16:10,齐鲁壹点Android,0,0,0
IntG54EIS,你比冰激凌还甜,6101187998,一天过去了不知道有没有查清楚到底是什么情况啊,无,无,2020-01-01 16:10,五级大风Android,15,0,16
IntFTgX1r,糖果色的日常,6036465617,第一天一起在宿舍吃了昨天剩下的火锅，又是吃撑的一天，武汉的肺炎风波不知道什么时候会好，好想出去哦，主要是占卜哈哈哈哈老付也从南京回来啦，540集齐!明天大学的最后一次实训，真的要结束了呢 ,无,无,2020-01-01 16:10,HUAWEI nova 3,1,0,2
IntFn5kvt,Wax_wane3,5301949660,『关于疫情，你最关心的6个问题都有答案了！』关于疫情，你最关心的6个问题都有答案了！ ,无,无,2020-01-01 16:08,HUAWEI P30,1,0,0
IntEmFTCZ,合肥在线,1732739184,【武汉 此前通报与肺炎病例有关联】武汉华南海鲜批发市场1月1日贴出休市整治公告，决定对市场实行休市，进行环境卫生整治，开市时间另行通知。此前，武汉市卫健委发布通报称，近期武汉市已发现27例肺炎病例，且该肺炎疫情与华南海鲜批发市场有关联。（中新视频）,无,无,2020-01-01 16:06,专业版微博,6,1,0
IntCDq3Uj,武汉爆料王,5344128383,【武汉发现不明原因肺炎追踪：】2019年12月30日起，武汉市最大的海鲜批发市场华南海鲜批发市场陆续出现不明原因肺炎病人，根据当地卫健委最新披露，7人病情严重，绝大多数患者出自华南海鲜市场。2020年第一天，《每日经济新闻》记者现场采访了解到，海鲜市场从今日起休  ,无,无,2020-01-01 16:02,微博云剪,2,0,1
IntCvctso,武汉爆料王,5344128383,【武汉 此前通报与肺炎病例有关联】武汉华南海鲜批发市场1月1日贴出休市整治公告，决定对市场实行休市，进行环境卫生整治，开市时间另行通知。此前，武汉市卫健委发布通报称，近期武汉市已发现27例肺炎病例，且该肺炎疫情与华南海鲜批发市场有关联。（中国新闻网）   ,无,无,2020-01-01 16:01,微博云剪,0,1,1
IntBUvyYB,武汉爆料王,5344128383,【病例确诊 属病毒性始于海鲜市场】 前天晚上，网上传出武汉出现部分人群因不明原因肺炎入院治疗的消息。昨日上午，武汉市卫健委对相关情况发布通报，表示暂未发现有人传人的迹象。 今日最新闻官方微博的微博视频 ,无,无,2020-01-01 16:00,微博云剪,0,0,0
IntA5Fb4I,绿岛88474,5480157591,我免费围观了  的回答，问题价值 388.00 元，快来一起围观~ <br />微博问答:如何看待武汉发现不明原因肺炎？具体情况如何？ ,无,无,2020-01-01 15:55,微博 weibo.com,0,0,0
IntyHBJrK,济南市天桥区人民检察,5539558550,【 现场张贴官方公告】1月1日，湖北患者集中出现的华南海鲜市场，已被通知休市整顿。上午7时许，公安、城管等多部门对现场进行封锁，相关休市公告已经在市场内张贴。工作人员称，将对市场进行消毒处置。此前，武汉卫健委通报称，12月以来发现病毒性肺炎病例27例。  ,无,无,2020-01-01 15:52,微博 HTML5 版,3,2,5
Intx6l7nP,荔_zhang,1816193317,//分享网易新闻:《详细解读 | 武汉不明原因肺炎》 详细解读 | 武汉不明原因肺炎   ,无,无,2020-01-01 15:48,iPhone客户端,1,0,0
Intv5Ds3S,六合发布,2880478330,【与病毒性肺炎有关联 】今日，武汉相关部门发出公告：“经研究，决定对华南海鲜批发市场实行休市，进行环境卫生整治。请广大商户积极配合，开市时间另行通知。”近期，武汉已发现27例病毒性肺炎病例，目前尚未发现明显人传人现象。,无,无,2020-01-01 15:43,荣耀V9 我想要的快,0,10,4
InttUnFZm,侠客老,2334109474,今日，武汉相关部门发出公告：“经研究，决定对华南海鲜批发市场... 疫情后续：华南海鲜批发市场休市整治  ,无,无,2020-01-01 15:40,脉团,0,0,0
InttlczlM,吉视守望都市,6444725927,【 现场张贴官方公告】1月1日，湖北患者集中出现的华南海鲜市场，已被通知休市整顿。上午7时许，公安、城管等多部门对现场进行封锁，相关休市公告已经在市场内张贴。工作人员称，将对市场进行消毒处置。此前，武汉卫健委通报称，12月以来发现病毒性肺炎病例27例。  ,无,无,2020-01-01 15:39,红米Redmi,3,1,0
Intt4oToA,墨麟羲,1413962652,我免费围观了  的回答，问题价值 388.00 元，快来一起围观~ <br />微博问答:如何看待武汉发现不明原因肺炎？具体情况如何？ ,无,无,2020-01-01 15:38,微博 weibo.com,0,0,0
IntsOaxYR,福州新闻网fznews,2553604372,【与病毒性肺炎有关联 】今日，武汉相关部门发出公告：“经研究，决定对华南海鲜批发市场实行休市，进行环境卫生整治。请广大商户积极配合，开市时间另行通知。”近期，武汉已发现27例病毒性肺炎病例，目前尚未发现明显人传人现象。（央视新闻） ,无,无,2020-01-01 15:37,360安全浏览器,1,0,0
IntqmhxI3,长腿怪兽lion,5961148377,临走前爸妈塞给我一打口罩和一包板蓝根说你多保重😷 ,无,无,2020-01-01 15:31,iPhone客户端,4,0,0
IntpFqtlJ,武汉发布,2759348142,【关于疫情，你最关心的6个问题都有答案了】昨天下午，武汉市卫健委通报肺炎疫情：尚未发现明显人传人现象，未发现医务人员感染。已初步分析，病例系病毒性肺炎。目前对病原的检测及感染原因的调查正在进行中。不少人心中还有疑问：疫情跟水产病毒有关吗？目前武汉各大医院是什么情况？板蓝根到底有没有用？记者兵分多路，打探你关心的最新情况。 ,无,无,2020-01-01 15:30,微博 weibo.com,56,24,23
Intm1l9er,GST76181902,5979958998,这次肯定很严重 如何看待武汉发现不明原因肺炎？具体情况如何？ ,无,无,2020-01-01 15:21,iPhone客户端,0,1,1
IntjPrzs5,lotus乐桐,6350259878,我免费围观了  的回答，问题价值 388.00 元，快来一起围观~ <br />微博问答:如何看待武汉发现不明原因肺炎？具体情况如何？ ,无,无,2020-01-01 15:15,微博 weibo.com,0,0,0
IntjnmXyB,小刘啊啊_,6600259995,我在看：【武汉现27例肺炎病例 涉事海鲜城将开展消毒工作】  武汉现27例肺炎病例 涉事海鲜城将开展消毒工作 ,无,无,2020-01-01 15:14,新浪新闻客户端,0,0,0
IntiUFAB3,岫壑浮云39368,7180849097,为何一个检测结果到现在还未出?不是说好了第一时间公布吗? ,无,无,2020-01-01 15:13,OPPO Reno,0,0,0
IntiiAHET,小春日和Ny,5656910829,为什么没人再关注了？ ,无,无,2020-01-01 15:11,HUAWEI P10,46,0,24
InticosKR,长江政经,1116648494,【武汉华南海鲜批发市场休市整治 动物内脏曾散落街角】 武汉不明原因肺炎，政府出手了华南海鲜批发市场休市整治。1月1... 武汉华南海鲜批发市场休市整治 动物内脏曾散落街角  ,无,无,2020-01-01 15:11,新浪财经Android版,1,0,0
InthNdJJg,天哥炸了,7299206524,为什么到现在还没有结果 ,无,无,2020-01-01 15:10,iPhone客户端,0,0,0
InthpAdYO,风智曦,7019081867,疫情涉事市场休市 动物内脏曾散落街角 疫情涉事市场休市 动物内脏曾散落街角 ,无,无,2020-01-01 15:09,分享按钮,0,0,0
Intft2nvx,两江交汇,2712874511,近日，武汉市出现27例病毒性肺炎，与华南海鲜批发市场有关联，本着对社会负责、对市民负责、对商户负责的原则，根据国务院《突发公共卫生事件应急条例》等法规条例的规定及武汉市卫生健康委关于当前我市肺炎疫情的情况通报，华南海鲜批发市场暂时休市，进行环境卫生整治，确保公共安全。 ,无,无,2020-01-01 15:04,360安全浏览器,1,1,0
Inte3jUbw,四川名医,5571701828,【武汉发现不明原因肺炎追踪：】2019年12月30日起，武汉市最大的海鲜批发市场华南海鲜批发市场陆续出现不明原因肺炎病人，根据当地卫健委最新披露，7人病情严重，绝大多数患者出自华南海鲜市场。2020年第一天，《每日经济新闻》记者现场采访了解到，海鲜市场从今日起休市整治。 （),无,无,2020-01-01 15:01,iPhone XS Max,4,0,0
Intdz7lX2,violet_mary,2044119767,我在看：【武汉现27例肺炎病例 涉事海鲜城将开展消毒工作】  武汉现27例肺炎病例 涉事海鲜城将开展消毒工作 ,无,无,2020-01-01 15:00,新浪新闻客户端,0,0,0
Intdtd6pt,qb江山如此多娇,1042473390,我免费围观了  的回答，问题价值 388.00 元，快来一起围观~ <br />微博问答:如何看待武汉发现不明原因肺炎？具体情况如何？ ,无,无,2020-01-01 15:00,微博 weibo.com,0,0,0
Intdh5TiU,激活君之梦,7333518139,转 //  《武汉不明原因肺炎，政府出手了》  ,无,无,2020-01-01 14:59,天天快报,0,0,0
Intd51ahh,国际旅游岛商报,1708533224,【武汉发现不明原因肺炎追踪：】2019年12月30日起，武汉市最大的海鲜批发市场华南海鲜批发市场陆续出现不明原因肺炎病人，根据当地卫健委最新披露，7人病情严重，绝大多数患者出自华南海鲜市场。2020年第一天，《每日经济新闻》记者现场采访了解到，海鲜市场从今日起休市整治。,无,无,2020-01-01 14:59,微博 weibo.com,2,0,0
Intbw4WoT,汉阳滴三爷,1529490302,【与病毒性肺炎有关联 】今日，武汉相关部门发出公告：“经研究，决定对华南海鲜批发市场实行休市，进行环境卫生整治。请广大商户积极配合，开市时间另行通知。”近期，武汉已发现27例病毒性肺炎病例，目前尚未发现明显人传人现象。 ,无,无,2020-01-01 14:55,OPPO智能手机,1,0,1
IntaSu0te,招警资讯,6825751569,【与病毒性肺炎有关联 】今日，武汉相关部门发出公告：“经研究，决定对华南海鲜批发市场实行休市，进行环境卫生整治。 ,无,无,2020-01-01 14:53,360安全浏览器,0,0,0
Inta5ssCz,赤脚老师红,5593618478,我免费围观了  的回答，问题价值 388.00 元，快来一起围观~ <br />微博问答:如何看待武汉发现不明原因肺炎？具体情况如何？ ,无,无,2020-01-01 14:51,微博 weibo.com,0,0,0
Int8i1hk8,品质新东乡,3312740193,【最新追踪！武汉 与病毒性肺炎有关联】1月1日，武汉相关部门发出公告：“经研究，决定对华南海鲜批发市场实行休市，进行环境卫生整治。请广大商户积极配合，开市时间另行通知。”2019年12月30日起，武汉市最大的海鲜批发市场华南海鲜批发市场陆续出现不明原因肺炎病人，根据当地卫健委最新披露，7人病情严重。绝大多数患者出自华南海鲜市场，目前尚未发现明显人传人现象。,无,无,2020-01-01 14:47,前后2000万 OPPO R11s,0,0,0
Int66oFTa,onelongmarch,6029071259,我免费围观了  的回答，问题价值 388.00 元，快来一起围观~ <br />微博问答:如何看待武汉发现不明原因肺炎？具体情况如何？ ,无,无,2020-01-01 14:41,微博 weibo.com,0,0,0
